"KO","STN","Pvalue","30L1","30L2","30L3","27R1","27R2","27R3","Query_ID","Protein","Description","Protein_name","Gene_name","GO_IDs","GO_terms","KODef","30L1_log","30L2_log","30L3_log","27R1_log","27R2_log","27R3_log","mean_control","mean_treatment","mean_control_log","mean_treatment_log","log_fc","log_pval","Expression"
"K00003",-2.48120388623007,0.000505766062602965,0,0,0,16.957,12.963,17.589,"LKDHAOIP_01923","Homoserine dehydrogenase","homoserine dehydrogenase","Homoserine dehydrogenase","","GO:0009086;GO:0009088;GO:0009097;GO:0004412;GO:0050661;GO:0006520;GO:0016491","methionine biosynthetic process;threonine biosynthetic process;isoleucine biosynthetic process;homoserine dehydrogenase activity;NADP binding;amino acid metabolic process;oxidoreductase activity","homoserine dehydrogenase ",0,0,0,4.16647444014237,3.80353703787742,4.21637725708423,15.8363333333333,0,4.062129578368,0,-4.062129578368,3.29605031559807,"Downregulated"
"K00030",-1.90357516264807,0.0018500823723229,14.783,8.4554,21.474,29.675,29.167,32.979,"LKDHAOIP_00157","Isocitrate dehydrogenase [NADP]","NADP-dependent isocitrate dehydrogenase","","","GO:0006099;GO:0000287;GO:0004450;GO:0051287;GO:0016616","tricarboxylic acid cycle;magnesium ion binding;isocitrate dehydrogenase (NADP+) activity;NAD binding;oxidoreductase activity, acting on the CH-OH group of donors, NAD or NADP as acceptor","isocitrate dehydrogenase (NAD+) ",3.98029955079386,3.24113849104758,4.49018501809594,4.93899143877554,4.91489932765564,5.08657148960285,30.607,14.9041333333333,4.98015408534468,3.90387435331246,-1.07627973203222,2.7328089348138,"Downregulated"
"K00033",-2.35183088232468,0.000680395387149918,4.9277,0,0,16.957,14.043,19.787,"LKDHAOIP_00767","6-phosphogluconate dehydrogenase, decarboxylating","NADP-dependent phosphogluconate dehydrogenase","","","GO:0006098;GO:0004616;GO:0050661;GO:0016491","pentose-phosphate shunt;phosphogluconate dehydrogenase (decarboxylating) activity;NADP binding;oxidoreductase activity","6-phosphogluconate dehydrogenase ",2.56747243491361,0,0,4.16647444014237,3.9110204048233,4.37760965695934,16.929,1.64256666666667,4.15170150064167,0.855824144971202,-3.29587735567047,3.16723863941886,"Downregulated"
"K00052",-2.32254623670026,0.000787479406919275,0,0,0,13.778,17.284,13.192,"LKDHAOIP_02019","3-isopropylmalate dehydrogenase","3-isopropylmalate dehydrogenase","","","GO:0009098;GO:0000287;GO:0003862;GO:0051287;GO:0016616","leucine biosynthetic process;magnesium ion binding;3-isopropylmalate dehydrogenase activity;NAD binding;oxidoreductase activity, acting on the CH-OH group of donors, NAD or NADP as acceptor","3-isopropylmalate dehydrogenase ",0,0,0,3.88537912855803,4.19250981894195,3.82700600963898,14.7513333333333,0,3.96829831904632,0,-3.96829831904632,3.10376079446314,"Downregulated"
"K00053",-3.0808374124574,0.000354200988467875,16.754,18.119,16.593,42.393,48.612,43.972,"LKDHAOIP_01477","Ketol-acid reductoisomerase (NADP(+))","ketol-acid reductoisomerase","","","GO:0009082;GO:0004455;GO:0050661;GO:0016491","branched-chain amino acid biosynthetic process;ketol-acid reductoisomerase activity;NADP binding;oxidoreductase activity","ketol-acid reductoisomerase ",4.15007219725299,4.25693516147121,4.13692961044789,5.43939042604102,5.63261721240664,5.49095514002218,44.9923333333333,17.1553333333333,5.52098759282328,4.18131232305736,-1.33967526976592,3.45075023115965,"Downregulated"
"K00059",-1.82705461231706,0.00243163097199341,0,0,0,11.658,12.963,9.8937,"LKDHAOIP_01270","3-oxoacyl-[acyl-carrier-protein] reductase","3-oxoacyl-[acyl-carrier-protein] reductase","","","GO:0006633;GO:0004316;GO:0051287;GO:0016491","fatty acid biosynthetic process;3-oxoacyl-[acyl-carrier-protein] reductase (NADPH) activity;NAD binding;oxidoreductase activity","3-oxoacyl- reductase ",0,0,0,3.66197756774053,3.80353703787742,3.44542213755914,11.5049,0,3.63697891439236,0,-3.63697891439236,2.61410233358823,"Downregulated"
"K00147",-1.29756713626409,0.00890444810543657,0,0,0,7.4188,6.4816,10.993,"LKDHAOIP_01129","Gamma-glutamyl phosphate reductase","glutamate-5-semialdehyde dehydrogenase","Gamma-glutamyl phosphate reductase","proA","GO:0055129;GO:0004350;GO:0050661;GO:0005737;GO:0006561;GO:0016491;GO:0016620","L-proline biosynthetic process;glutamate-5-semialdehyde dehydrogenase activity;NADP binding;cytoplasm;proline biosynthetic process;oxidoreductase activity;oxidoreductase activity, acting on the aldehyde or oxo group of donors, NAD or NADP as acceptor","glutamate-5-semialdehyde dehydrogenase ",0,0,0,3.07361460889421,2.90334683498221,3.58412068305994,8.2978,0,3.18702737564545,0,-3.18702737564545,2.05039299278593,"Downregulated"
"K00161",-2.88953071727815,0.000403624382207578,0,0,0,18.017,18.365,19.787,"LKDHAOIP_01513","Acetoin:2,6-dichlorophenolindophenol oxidoreductase subunit alpha","pyruvate dehydrogenase (acetyl-transferring) E1 component subunit alpha","","","GO:0006086;GO:0004739;GO:0043231;GO:0016624","acetyl-CoA biosynthetic process from pyruvate;pyruvate dehydrogenase (acetyl-transferring) activity;intracellular membrane-bounded organelle;oxidoreductase activity, acting on the aldehyde or oxo group of donors, disulfide as acceptor","pyruvate dehydrogenase E1 component alpha subunit ",0,0,0,4.24921776871517,4.27537959625362,4.37760965695934,18.723,0,4.30073567397604,0,-4.30073567397604,3.39402260671073,"Downregulated"
"K00228",-2.96768036022488,0.000403624382207578,10.841,10.871,8.7846,33.914,32.408,35.177,"LKDHAOIP_02209","Oxygen-dependent coproporphyrinogen-III oxidase","oxygen-dependent coproporphyrinogen oxidase","","","GO:0006779;GO:0004109","porphyrin-containing compound biosynthetic process;coproporphyrinogen oxidase activity","coproporphyrinogen III oxidase ",3.56571901995217,3.56936956603177,3.29051287386569,5.12573374681039,5.0621217119078,5.17700087143214,33.833,10.1655333333333,5.12161877671678,3.47520048661654,-1.64641829010023,3.39402260671073,"Downregulated"
"K00254",-1.88678726351507,0.0019505766062603,0,0,0,11.658,10.803,13.192,"LKDHAOIP_00539","Dihydroorotate dehydrogenase (quinone)","quinone-dependent dihydroorotate dehydrogenase","","","GO:0006207;GO:0004152;GO:0005737;GO:0016020;GO:0016627","'de novo' pyrimidine nucleobase biosynthetic process;dihydroorotate dehydrogenase activity;cytoplasm;membrane;oxidoreductase activity, acting on the CH-CH group of donors","dihydroorotate dehydrogenase ",0,0,0,3.66197756774053,3.56108169473173,3.82700600963898,11.8843333333333,0,3.68335509070375,0,-3.68335509070375,2.70983698868836,"Downregulated"
"K00284",-3.93596521894421,3.29489291598023e-05,0,0,0,25.436,19.445,35.177,"LKDHAOIP_02293","Ferredoxin-dependent glutamate synthase 2","glutamate synthase large subunit","","","GO:0006537;GO:0015930;GO:0006807;GO:0016491;GO:0016638","glutamate biosynthetic process;glutamate synthase activity;nitrogen compound metabolic process;oxidoreductase activity;oxidoreductase activity, acting on the CH-NH2 group of donors","glutamate synthase (ferredoxin) ",0,0,0,4.72443199575995,4.35367615775164,5.17700087143214,26.686,0,4.75170300831458,0,-4.75170300831458,4.48215869541128,"Downregulated"
"K00324",-2.6542009445024,0.000471169686985173,8.8698,0,0,21.196,20.525,23.085,"LKDHAOIP_01904","NAD(P) transhydrogenase subunit alpha part 1","Re/Si-specific NAD(P)(+) transhydrogenase subunit alpha","Re/Si-specific NAD transhydrogenase subunit alpha","","GO:0016491","oxidoreductase activity","H+-translocating NAD(P) transhydrogenase subunit alpha ",3.30302085044341,0,0,4.47222780298904,4.42794133250948,4.59006301881225,21.602,2.9566,4.49674405143693,1.1010069501478,-3.39573710128912,3.32682265794621,"Downregulated"
"K00366",-7.5569718264886,1e-06,20.696,19.327,13.665,92.205,97.224,104.43,"LKDHAOIP_00391","Sulfite reductase [ferredoxin]","ferredoxin--nitrite reductase","","","GO:0016491;GO:0020037;GO:0051536","oxidoreductase activity;heme binding;iron-sulfur cluster binding","ferredoxin-nitrite reductase ",4.43935717847426,4.34532540281514,3.87430516598223,6.54233544549349,6.61800366984025,6.72014163258364,97.953,17.896,6.62682691597246,4.21966258242388,-2.40716433354858,6,"Downregulated"
"K00392",-3.0394334267325,0.000388797364085667,0,0,0,19.077,17.284,23.085,"LKDHAOIP_00749","Sulfite reductase [ferredoxin]","MAG: sulfite reductase subunit beta","","","GO:0020037;GO:0050311;GO:0051539;GO:0016491;GO:0051536","heme binding;sulfite reductase (ferredoxin) activity;4 iron, 4 sulfur cluster binding;oxidoreductase activity;iron-sulfur cluster binding","sulfite reductase (ferredoxin) ",0,0,0,4.32747180598541,4.19250981894195,4.59006301881225,19.8153333333333,0,4.37001488124654,0,-4.37001488124654,3.41027668810515,"Downregulated"
"K00600",-3.20362689159715,0.000331136738056013,12.812,14.495,11.713,40.273,38.89,41.773,"LKDHAOIP_00057","Serine hydroxymethyltransferase","serine hydroxymethyltransferase","","","GO:0019264;GO:0035999;GO:0004372;GO:0030170;GO:0003824","glycine biosynthetic process from serine;tetrahydrofolate interconversion;glycine hydroxymethyltransferase activity;pyridoxal phosphate binding;catalytic activity","glycine hydroxymethyltransferase ",3.7878503341913,3.95373084981149,3.66823261102206,5.36712640184926,5.31795521831244,5.41862849296759,40.312,13.0066666666667,5.3679033710431,3.80327126500828,-1.56463210603482,3.47999263365477,"Downregulated"
"K00602",-3.43996299170954,0.000294892915980231,3.9422,0,4.8803,27.555,27.007,25.284,"LKDHAOIP_00068","Bifunctional purine biosynthesis protein PurH","MAG: bifunctional phosphoribosylaminoimidazolecarboxamide formyltransferase/IMP cyclohydrolase","","","GO:0006164;GO:0003937;GO:0004643;GO:0003824","purine nucleotide biosynthetic process;IMP cyclohydrolase activity;phosphoribosylaminoimidazolecarboxamide formyltransferase activity;catalytic activity","phosphoribosylaminoimidazolecarboxamide formyltransferase / IMP cyclohydrolase ",2.30515339455375,0,2.55588976007382,4.83567147948162,4.80771555074112,4.71611294212415,26.6153333333333,2.94083333333333,4.7864999907823,1.62034771820919,-3.16615227257311,3.53033566009536,"Downregulated"
"K00615",-6.86026606905849,1e-06,8.8698,8.4554,5.8564,71.008,63.736,72.553,"LKDHAOIP_00181","Transketolase","transketolase","","","GO:0004802;GO:0003824","transketolase activity;catalytic activity","transketolase ",3.30302085044341,3.24113849104758,2.77745127823436,6.17008529198643,6.0164963198962,6.20071228064832,69.099,7.7272,6.12909796417698,3.10720353990845,-3.02189442426853,6,"Downregulated"
"K00627",-2.51450796185939,0.000482701812191104,9.8554,0,11.713,24.376,25.926,28.582,"LKDHAOIP_01572","Dihydrolipoyllysine-residue acetyltransferase component of pyruvate dehydrogenase complex","2-oxo acid dehydrogenase subunit E2","Dihydrolipoamide acetyltransferase component of pyruvate dehydrogenase complex","","GO:0006086;GO:0016746;GO:0045254","acetyl-CoA biosynthetic process from pyruvate;acyltransferase activity;pyruvate dehydrogenase complex","pyruvate dehydrogenase E2 component (dihydrolipoamide acetyltransferase) ",3.44034098227608,0,3.66823261102206,4.66539277104189,4.75092802065037,4.88664768933046,26.2946666666667,7.18946666666667,4.7676561603409,2.36952453109938,-2.39813162924152,3.31632107072115,"Downregulated"
"K00645",-2.0530412276566,0.00142998352553542,0,0,0,11.658,15.124,12.092,"LKDHAOIP_00633","Malonyl CoA-acyl carrier protein transacylase","ACP S-malonyltransferase","","","GO:0004314;GO:0016740","[acyl-carrier-protein] S-malonyltransferase activity;transferase activity"," S-malonyltransferase ",0,0,0,3.66197756774053,4.01113778318899,3.71061360238268,12.958,0,3.79457631777073,0,-3.79457631777073,2.84466896589877,"Downregulated"
"K00648",-1.49736823001504,0.00548929159802306,10.841,7.2475,0,20.137,14.043,15.39,"LKDHAOIP_00634","3-oxoacyl-[acyl-carrier-protein] synthase 3","ketoacyl-ACP synthase III","3-oxoacyl-[acyl-carrier-protein] synthase 3","fabH","GO:0006633;GO:0004315;GO:0033818;GO:0005737;GO:0016746","fatty acid biosynthetic process;3-oxoacyl-[acyl-carrier-protein] synthase activity;beta-ketoacyl-acyl-carrier-protein synthase III activity;cytoplasm;acyltransferase activity","3-oxoacyl- synthase III ",3.56571901995217,3.04395687279021,0,4.40169872268396,3.9110204048233,4.03474394932473,16.5233333333333,6.0295,4.11582102561067,2.20322529758079,-1.91259572802987,2.26048369834051,"Downregulated"
"K00703",-3.39236429270181,0.000319604612850082,6.8988,8.4554,9.7607,36.034,29.167,39.575,"LKDHAOIP_00653","Glycogen synthase","glycogen synthase GlgA","","","GO:0004373;GO:0016757","glycogen (starch) synthase activity;glycosyltransferase activity","starch synthase ",2.98163349309373,3.24113849104758,3.42770002535444,5.21077847665466,4.91489932765564,5.34251918966061,34.9253333333333,8.37163333333333,5.15606566465697,3.21682400316525,-1.93924166149172,3.49538696114503,"Downregulated"
"K00766",-2.63429744156341,0.000471169686985173,0,0,0,19.0768,14.0435,17.5888,"LKDHAOIP_00385;LKDHAOIP_00680","Anthranilate phosphoribosyltransferase;Anthranilate phosphoribosyltransferase 2","anthranilate phosphoribosyltransferase family protein;anthranilate phosphoribosyltransferase","Anthranilate phosphoribosyltransferase family protein;Anthranilate phosphoribosyltransferase",";trpD","GO:0000162;GO:0004048;GO:0016757;GO:0000287","tryptophan biosynthetic process;anthranilate phosphoribosyltransferase activity;glycosyltransferase activity;magnesium ion binding","anthranilate phosphoribosyltransferase ",0,0,0,4.32745743429415,3.91106835639763,4.21636173497113,16.9030333333333,0,4.15162917522097,0,-4.15162917522097,3.32682265794621,"Downregulated"
"K00800",-2.32357990141205,0.000787479406919275,0,0,0,12.718,18.365,13.192,"LKDHAOIP_00658","3-phosphoshikimate 1-carboxyvinyltransferase 1","3-phosphoshikimate 1-carboxyvinyltransferase","3-phosphoshikimate 1-carboxyvinyltransferase","aroA","GO:0008652;GO:0009073;GO:0009423;GO:0003866;GO:0005737;GO:0003824;GO:0016765","amino acid biosynthetic process;aromatic amino acid family biosynthetic process;chorismate biosynthetic process;3-phosphoshikimate 1-carboxyvinyltransferase activity;cytoplasm;catalytic activity;transferase activity, transferring alkyl or aryl (other than methyl) groups;cellular amino acid biosynthetic process","3-phosphoshikimate 1-carboxyvinyltransferase ",0,0,0,3.77799825566867,4.27537959625362,3.82700600963898,14.7583333333333,0,3.96012795385376,0,-3.96012795385376,3.10376079446314,"Downregulated"
"K00812",-1.41856733946407,0.00680889621087315,0,0,0,8.4786,8.6421,9.8937,"LKDHAOIP_00805","Aspartate aminotransferase","pyridoxal phosphate-dependent aminotransferase","Aminotransferase","","GO:0009058;GO:0008483;GO:0030170;GO:0003824","biosynthetic process;transaminase activity;pyridoxal phosphate binding;catalytic activity","aspartate aminotransferase ",0,0,0,3.24467398716032,3.26934739226849,3.44542213755914,9.0048,0,3.31981450566265,0,-3.31981450566265,2.16692328579355,"Downregulated"
"K00826",-1.50433824403354,0.00539703459637562,7.8843,0,3.9043,16.957,12.963,10.993,"LKDHAOIP_00876","Branched-chain-amino-acid aminotransferase","branched-chain amino acid transaminase","","","GO:0009081;GO:0004084;GO:0003824","branched-chain amino acid metabolic process;branched-chain-amino-acid transaminase activity;catalytic activity","branched-chain amino acid aminotransferase ",3.15125810981474,0,2.2940472325512,4.16647444014237,3.80353703787742,3.58412068305994,13.6376666666667,3.92953333333333,3.85137738702658,1.81510178078865,-2.03627560623793,2.26784479798688,"Downregulated"
"K00856",-1.71210074020595,0.00365403624382208,0,0,0,12.718,8.6421,10.993,"LKDHAOIP_01347","putative sugar kinase YdjH","adenosine kinase","","","GO:0016773","phosphotransferase activity, alcohol group as acceptor","adenosine kinase ",0,0,0,3.77799825566867,3.26934739226849,3.58412068305994,10.7843666666667,0,3.54382211033237,0,-3.54382211033237,2.43722714926212,"Downregulated"
"K00860",-1.5382926296202,0.00511202635914333,7.8843,8.4554,8.7846,15.897,21.605,19.787,"LKDHAOIP_00600","putative adenylyl-sulfate kinase","adenylyl-sulfate kinase","","","GO:0000103;GO:0004020;GO:0005524","sulfate assimilation;adenylylsulfate kinase activity;ATP binding","adenylylsulfate kinase ",3.15125810981474,3.24113849104758,3.29051287386569,4.07869521894999,4.49857001254426,4.37760965695934,19.0963333333333,8.37476666666667,4.31829162948453,3.227636491576,-1.09065513790852,2.29140691549109,"Downregulated"
"K00872",-1.41856733946407,0.00680889621087315,0,0,0,8.4786,8.6421,9.8937,"LKDHAOIP_01124","Homoserine kinase","homoserine kinase","","","GO:0006566;GO:0004413;GO:0005524","threonine metabolic process;homoserine kinase activity;ATP binding","homoserine kinase ",0,0,0,3.24467398716032,3.26934739226849,3.44542213755914,9.0048,0,3.31981450566265,0,-3.31981450566265,2.16692328579355,"Downregulated"
"K00873",-1.99665529701796,0.00154200988467875,0,0,0,12.718,12.963,12.092,"LKDHAOIP_00935","Pyruvate kinase","pyruvate kinase","","","GO:0006096;GO:0000287;GO:0004743;GO:0030955;GO:0003824","glycolytic process;magnesium ion binding;pyruvate kinase activity;potassium ion binding;catalytic activity","pyruvate kinase ",0,0,0,3.77799825566867,3.80353703787742,3.71061360238268,12.591,0,3.76404963197625,0,-3.76404963197625,2.81191284233715,"Downregulated"
"K00940",3.38359102894236,0.000370675453047697,69.973,38.653,52.708,21.196,22.686,19.787,"LKDHAOIP_00516","Nucleoside diphosphate kinase","MULTISPECIES: nucleoside-diphosphate kinase","Nucleoside diphosphate kinase","ndk","GO:0006099;GO:0006165;GO:0006183;GO:0006228;GO:0006241;GO:0004550;GO:0005524;GO:0046872;GO:0005737","tricarboxylic acid cycle;nucleoside diphosphate phosphorylation;GTP biosynthetic process;UTP biosynthetic process;CTP biosynthetic process;nucleoside diphosphate kinase activity;ATP binding;metal ion binding;cytoplasm","nucleoside-diphosphate kinase ",6.14919838465265,5.30935811394133,5.74706509372572,4.47222780298904,4.56596267728106,4.37760965695934,21.223,53.778,4.47193337907648,5.7352071974399,1.26327381836342,3.43100617296399,"Upregulated"
"K00962",-8.10743733869871,1e-06,35.479,31.406,35.138,130.36,122.07,146.21,"LKDHAOIP_01220","Polyribonucleotide nucleotidyltransferase","polyribonucleotide nucleotidyltransferase","Polyribonucleotide nucleotidyltransferase","pnp","GO:0006396;GO:0006402;GO:0000287;GO:0003723;GO:0004654;GO:0005737;GO:0003676","RNA processing;mRNA catabolic process;magnesium ion binding;RNA binding;polyribonucleotide nucleotidyltransferase activity;cytoplasm;nucleic acid binding","polyribonucleotide nucleotidyltransferase ",5.18899427628654,5.01818904901106,5.17544475964206,7.03738222200308,6.94333531775511,7.20173186701466,132.88,34.0076666666667,7.06081646892428,5.12754269497989,-1.9332737739444,6,"Downregulated"
"K00973",-1.35619769561906,0.00792257001647446,0,0,0,8.4786,8.6421,8.7944,"LKDHAOIP_01597","Glucose-1-phosphate thymidylyltransferase 1","glucose-1-phosphate thymidylyltransferase RfbA","","","GO:0045226;GO:0008879;GO:0009058;GO:0016779","extracellular polysaccharide biosynthetic process;glucose-1-phosphate thymidylyltransferase activity;biosynthetic process;nucleotidyltransferase activity","glucose-1-phosphate thymidylyltransferase ",0,0,0,3.24467398716032,3.26934739226849,3.29195711642981,8.63836666666667,0,3.26865949861954,0,-3.26865949861954,2.10113391400145,"Downregulated"
"K01082",-1.29427085712411,0.00898846787479407,0,0,0,7.4188,9.7224,7.6951,"LKDHAOIP_01219","3'(2'),5'-bisphosphate nucleotidase CysQ","3'(2'),5'-bisphosphate nucleotidase CysQ","3',5'-bisphosphate nucleotidase CysQ","","GO:0046854;GO:0046855","phosphatidylinositol phosphate biosynthetic process;inositol phosphate dephosphorylation","3'(2'), 5'-bisphosphate nucleotidase ",0,0,0,3.07361460889421,3.42255595595975,3.12020261967384,8.27876666666667,0,3.20545772817593,0,-3.20545772817593,2.04631432942683,"Downregulated"
"K01251",-4.08431237586934,3.29489291598023e-05,2.9566,0,0,26.496,29.167,30.78,"LKDHAOIP_00228","Adenosylhomocysteinase","adenosylhomocysteinase","","","","","adenosylhomocysteinase ",1.98426122068444,0,0,4.78114985171021,4.91489932765564,4.99004721957379,28.8143333333333,0.985533333333333,4.89536546631322,0.661420406894813,-4.2339450594184,4.48215869541128,"Downregulated"
"K01255",-2.10377330908733,0.00134431630971993,0,0,1.9521,15.897,11.883,12.092,"LKDHAOIP_01675","Cytosol aminopeptidase","leucyl aminopeptidase","Probable cytosol aminopeptidase","pepA","GO:0006508;GO:0030145;GO:0070006;GO:0005737;GO:0019538","proteolysis;manganese ion binding;metalloaminopeptidase activity;cytoplasm;protein metabolic process","leucyl aminopeptidase ",0,0,1.56174159235378,4.07869521894999,3.68739668066549,3.71061360238268,13.2906666666667,0.6507,3.82556850066605,0.520580530784594,-3.30498796988146,2.8714985323214,"Downregulated"
"K01265",-1.2971153863523,0.00890444810543657,3.9422,0,0,8.4786,10.803,8.7944,"LKDHAOIP_01302","Methionine aminopeptidase 1","type I methionyl aminopeptidase","","","GO:0006508;GO:0070006","proteolysis;metalloaminopeptidase activity","methionyl aminopeptidase ",2.30515339455375,0,0,3.24467398716032,3.56108169473173,3.29195711642981,9.35866666666667,1.31406666666667,3.36590426610729,0.768384464851251,-2.59751980125603,2.05039299278593,"Downregulated"
"K01358",-3.06936979347313,0.000354200988467875,16.754,8.4554,26.354,47.692,49.692,37.376,"LKDHAOIP_00285;LKDHAOIP_00938;LKDHAOIP_01478;LKDHAOIP_01479","ATP-dependent Clp protease proteolytic subunit","MULTISPECIES: ATP-dependent Clp endopeptidase proteolytic subunit ClpP;ATP-dependent Clp endopeptidase proteolytic subunit ClpP;MULTISPECIES: ATP-dependent Clp protease proteolytic subunit;Endopeptidase Clp",";ATP-dependent Clp protease proteolytic subunit",";clpP-2","GO:0006508;GO:0004176;GO:0004252;GO:0005737","proteolysis;ATP-dependent peptidase activity;serine-type endopeptidase activity;cytoplasm","ATP-dependent Clp protease, protease subunit ",4.15007219725299,3.24113849104758,4.77367990992383,5.6056128547021,5.66368617996608,5.2621324395394,44.92,17.1878,5.5104771580692,4.05496353274147,-1.45551362532773,3.45075023115965,"Downregulated"
"K01428",-1.99555812402512,0.00154200988467875,5.9132,7.2475,2.9282,18.017,18.365,18.688,"LKDHAOIP_00420","Urease subunit alpha","urease subunit alpha","","","GO:0006807;GO:0009039;GO:0016151;GO:0016787;GO:0016810","nitrogen compound metabolic process;urease activity;nickel cation binding;hydrolase activity;hydrolase activity, acting on carbon-nitrogen (but not peptide) bonds","urease subunit alpha ",2.78935366365094,3.04395687279021,1.97386838476023,4.24921776871517,4.27537959625362,4.29924465779607,18.3566666666667,5.36296666666667,4.27461400758829,2.60239297373379,-1.6722210338545,2.81191284233715,"Downregulated"
"K01507",-2.61144665271343,0.000471169686985173,11.826,8.4554,11.713,29.675,33.488,30.78,"LKDHAOIP_01333;LKDHAOIP_01352","Inorganic pyrophosphatase","inorganic diphosphatase",";Inorganic pyrophosphatase",";ppa","GO:0006796;GO:0000287;GO:0004427;GO:0005737","phosphate-containing compound metabolic process;magnesium ion binding;inorganic diphosphate phosphatase activity;cytoplasm;inorganic diphosphatase activity","inorganic pyrophosphatase ",3.68099940717571,3.24113849104758,3.66823261102206,4.93899143877554,5.10802256251641,4.99004721957379,31.3143333333333,10.6648,5.01235374028858,3.53012350308178,-1.4822302372068,3.32682265794621,"Downregulated"
"K01586",-1.77196626049443,0.00295387149917628,0,0,0,10.598,11.883,10.993,"LKDHAOIP_02356","Diaminopimelate decarboxylase","diaminopimelate decarboxylase","Diaminopimelate decarboxylase","lysA","GO:0009089;GO:0008836;GO:0030170;GO:0003824","lysine biosynthetic process via diaminopimelate;diaminopimelate decarboxylase activity;pyridoxal phosphate binding;catalytic activity","diaminopimelate decarboxylase ",0,0,0,3.53580413827031,3.68739668066549,3.58412068305994,11.158,0,3.60244050066525,0,-3.60244050066525,2.52960840151307,"Downregulated"
"K01595",-3.89167739494113,3.29489291598023e-05,0,0,0,22.256,23.766,32.979,"LKDHAOIP_02216","Phosphoenolpyruvate carboxylase","phosphoenolpyruvate carboxylase","","","GO:0006099;GO:0015977;GO:0008964;GO:0003824","tricarboxylic acid cycle;carbon fixation;phosphoenolpyruvate carboxylase activity;catalytic activity","phosphoenolpyruvate carboxylase ",0,0,0,4.53953107147415,4.63028897008598,5.08657148960285,26.3336666666667,0,4.75213051038766,0,-4.75213051038766,4.48215869541128,"Downregulated"
"K01599",-3.90495516382744,3.29489291598023e-05,0,0,2.9282,29.675,25.926,26.383,"LKDHAOIP_01138","Uroporphyrinogen decarboxylase","uroporphyrinogen decarboxylase","","","GO:0006779;GO:0004853","porphyrin-containing compound biosynthetic process;uroporphyrinogen decarboxylase activity","uroporphyrinogen decarboxylase ",0,0,1.97386838476023,4.93899143877554,4.75092802065037,4.7752086075178,27.328,0.976066666666667,4.8217093556479,0.657956128253408,-4.16375322739449,4.48215869541128,"Downregulated"
"K01627",-2.42710526189244,0.000540362438220758,0,0,0,15.897,16.204,14.291,"LKDHAOIP_00140","2-dehydro-3-deoxyphosphooctonate aldolase","3-deoxy-8-phosphooctulonate synthase","","","GO:0009058;GO:0008676;GO:0005737","biosynthetic process;3-deoxy-8-phosphooctulonate synthase activity;cytoplasm","2-dehydro-3-deoxyphosphooctonate aldolase (KDO 8-P synthase) ",0,0,0,4.07869521894999,4.10467213128256,3.93461085396445,15.464,0,4.03932606806567,0,-4.03932606806567,3.26731484736358,"Downregulated"
"K01647",-1.41972364217671,0.00677429983525535,0,0,0,7.4188,9.7224,9.8937,"LKDHAOIP_00607","Citrate synthase","citrate synthase","","","GO:0046912;GO:0005737","acyltransferase activity, acyl groups converted into alkyl on transfer;cytoplasm","citrate synthase ",0,0,0,3.07361460889421,3.42255595595975,3.44542213755914,9.01163333333333,0,3.3138642341377,0,-3.3138642341377,2.16913558508804,"Downregulated"
"K01649",-1.54343962502424,0.00511202635914333,0,0,0,7.4188,8.6421,13.192,"LKDHAOIP_01942","2-isopropylmalate synthase","2-isopropylmalate synthase","","","GO:0009098;GO:0003852;GO:0019752;GO:0003824;GO:0046912","leucine biosynthetic process;2-isopropylmalate synthase activity;carboxylic acid metabolic process;catalytic activity;acyltransferase activity, acyl groups converted into alkyl on transfer","2-isopropylmalate synthase ",0,0,0,3.07361460889421,3.26934739226849,3.82700600963898,9.75096666666667,0,3.38998933693389,0,-3.38998933693389,2.29140691549109,"Downregulated"
"K01682",-1.99464974041578,0.00154200988467875,0,0,0,13.778,12.963,10.993,"LKDHAOIP_00378","Aconitate hydratase B","bifunctional aconitate hydratase 2/2-methylisocitrate dehydratase","","","GO:0006099;GO:0003994;GO:0051539;GO:0005829","tricarboxylic acid cycle;aconitate hydratase activity;4 iron, 4 sulfur cluster binding;cytosol","aconitate hydratase 2 / 2-methylisocitrate dehydratase ",0,0,0,3.88537912855803,3.80353703787742,3.58412068305994,12.578,0,3.7576789498318,0,-3.7576789498318,2.81191284233715,"Downregulated"
"K01696",-1.94193984198305,0.00163756177924217,0,0,0,12.718,10.803,13.192,"LKDHAOIP_00602","Tryptophan synthase beta chain","tryptophan synthase subunit beta","Tryptophan synthase beta chain","trpB","GO:0000162;GO:0004834;GO:0006568","tryptophan biosynthetic process;tryptophan synthase activity;tryptophan metabolic process","tryptophan synthase beta chain ",0,0,0,3.77799825566867,3.56108169473173,3.82700600963898,12.2376666666667,0,3.72202865334646,0,-3.72202865334646,2.78580230667795,"Downregulated"
"K01698",-1.83577561351018,0.00238220757825371,10.841,3.6238,11.713,23.316,22.686,19.787,"LKDHAOIP_02557","Delta-aminolevulinic acid dehydratase","porphobilinogen synthase","","","GO:0033014;GO:0004655;GO:0046872","tetrapyrrole biosynthetic process;porphobilinogen synthase activity;metal ion binding","porphobilinogen synthase ",3.56571901995217,2.20907899618453,3.66823261102206,4.60383401878455,4.56596267728106,4.37760965695934,21.9296666666667,8.72593333333333,4.51580211767498,3.14767687571959,-1.3681252419554,2.62302039811674,"Downregulated"
"K01733",-2.17946673503254,0.00121581548599671,2.9566,2.4158,1.9521,13.778,15.124,15.39,"LKDHAOIP_00351","Threonine synthase","MAG: threonine synthase","","","GO:0009088;GO:0004795;GO:0030170;GO:0006520","threonine biosynthetic process;threonine synthase activity;pyridoxal phosphate binding;amino acid metabolic process","threonine synthase ",1.98426122068444,1.77222350556285,1.56174159235378,3.88537912855803,4.01113778318899,4.03474394932473,14.764,2.4415,3.97708695369059,1.77274210620036,-2.20434484749023,2.91513232925221,"Downregulated"
"K01756",-2.37626715971231,0.000629324546952224,2.9566,0,0,18.017,14.043,15.39,"LKDHAOIP_01770","Adenylosuccinate lyase","adenylosuccinate lyase","","","GO:0009152;GO:0004018;GO:0003824","purine ribonucleotide biosynthetic process;N6-(1,2-dicarboxyethyl)AMP AMP-lyase (fumarate-forming) activity;catalytic activity","adenylosuccinate lyase ",1.98426122068444,0,0,4.24921776871517,3.9110204048233,4.03474394932473,15.8166666666667,0.985533333333333,4.0649940409544,0.661420406894813,-3.40357363405959,3.20112532816355,"Downregulated"
"K01784",-1.61871345192331,0.00446787479406919,0,0,4.8803,11.658,11.883,12.092,"LKDHAOIP_02007","UDP-glucose 4-epimerase","NAD-dependent epimerase/dehydratase family protein","","","","","UDP-glucose 4-epimerase ",0,0,2.55588976007382,3.66197756774053,3.68739668066549,3.71061360238268,11.8776666666667,1.62676666666667,3.68666261692957,0.851963253357939,-2.83469936357163,2.34989900588023,"Downregulated"
"K01791",-1.94177845659806,0.00163756177924217,0,0,4.8803,15.897,10.803,15.39,"LKDHAOIP_01292","UDP-N-acetylglucosamine 2-epimerase","MAG: UDP-N-acetylglucosamine 2-epimerase (non-hydrolyzing)","","","GO:0008761","UDP-N-acetylglucosamine 2-epimerase activity","UDP-N-acetylglucosamine 2-epimerase (non-hydrolysing) ",0,0,2.55588976007382,4.07869521894999,3.56108169473173,4.03474394932473,14.03,1.62676666666667,3.89150695433548,0.851963253357939,-3.03954370097755,2.78580230667795,"Downregulated"
"K01803",-1.65938142128343,0.00411367380560132,0,0,0,7.4188,12.963,10.993,"LKDHAOIP_02058","Triosephosphate isomerase","triose-phosphate isomerase","","","GO:0006096;GO:0004807","glycolytic process;triose-phosphate isomerase activity","triosephosphate isomerase (TIM) ",0,0,0,3.07361460889421,3.80353703787742,3.58412068305994,10.4582666666667,0,3.48709077661052,0,-3.48709077661052,2.38577014872391,"Downregulated"
"K01835",-3.27459769260382,0.000331136738056013,0,0,0,25.436,18.365,20.887,"LKDHAOIP_01850","Phosphoglucomutase","alpha-D-glucose phosphate-specific phosphoglucomutase","","","GO:0005975;GO:0000287;GO:0004614;GO:0071704;GO:0016868","carbohydrate metabolic process;magnesium ion binding;phosphoglucomutase activity;organic substance metabolic process;intramolecular transferase activity, phosphotransferases","phosphoglucomutase ",0,0,0,4.72443199575995,4.27537959625362,4.45200231611571,21.5626666666667,0,4.48393796937643,0,-4.48393796937643,3.47999263365477,"Downregulated"
"K01868",-1.71538933095552,0.0036326194398682,0,0,0,9.5384,11.883,10.993,"LKDHAOIP_01121","Threonine--tRNA ligase","threonine--tRNA ligase","","","GO:0006435;GO:0004829;GO:0005524;GO:0005737;GO:0006418;GO:0043039;GO:0000166;GO:0004812","threonyl-tRNA aminoacylation;threonine-tRNA ligase activity;ATP binding;cytoplasm;tRNA aminoacylation for protein translation;tRNA aminoacylation;nucleotide binding;aminoacyl-tRNA ligase activity","threonyl-tRNA synthetase ",0,0,0,3.39758394029825,3.68739668066549,3.58412068305994,10.8048,0,3.55636710134123,0,-3.55636710134123,2.4397800972714,"Downregulated"
"K01869",-1.47688140629032,0.00599176276771005,0,0,0,10.598,7.5619,9.8937,"LKDHAOIP_00892","Leucine--tRNA ligase","leucine--tRNA ligase","Leucine--tRNA ligase","leuS","GO:0006429;GO:0106074;GO:0002161;GO:0004823;GO:0005524;GO:0005737;GO:0006418;GO:0000166;GO:0004812","leucyl-tRNA aminoacylation;aminoacyl-tRNA metabolism involved in translational fidelity;aminoacyl-tRNA editing activity;leucine-tRNA ligase activity;ATP binding;cytoplasm;tRNA aminoacylation for protein translation;nucleotide binding;aminoacyl-tRNA ligase activity","leucyl-tRNA synthetase ",0,0,0,3.53580413827031,3.09793098545931,3.44542213755914,9.3512,0,3.35971908709625,0,-3.35971908709625,2.22244539002055,"Downregulated"
"K01873",-1.47362041954403,0.00599176276771005,0,0,0,11.658,8.6421,7.6951,"LKDHAOIP_00472","Valine--tRNA ligase","MAG: valine--tRNA ligase","","","GO:0006438;GO:0002161;GO:0004832;GO:0005524;GO:0005737;GO:0006418;GO:0000166;GO:0004812","valyl-tRNA aminoacylation;aminoacyl-tRNA editing activity;valine-tRNA ligase activity;ATP binding;cytoplasm;tRNA aminoacylation for protein translation;nucleotide binding;aminoacyl-tRNA ligase activity","valyl-tRNA synthetase ",0,0,0,3.66197756774053,3.26934739226849,3.12020261967384,9.33173333333333,0,3.35050919322762,0,-3.35050919322762,2.22244539002055,"Downregulated"
"K01875",-1.48014050952961,0.00587149917627677,0,0,0,9.5384,6.4816,12.092,"LKDHAOIP_01223","Serine--tRNA ligase","serine--tRNA ligase","Serine--tRNA ligase     synthetase)","serS","GO:0006434;GO:0016260;GO:0097056;GO:0004828;GO:0005524;GO:0005737;GO:0006418;GO:0000166;GO:0004812","seryl-tRNA aminoacylation;selenocysteine biosynthetic process;selenocysteinyl-tRNA(Sec) biosynthetic process;serine-tRNA ligase activity;ATP binding;cytoplasm;tRNA aminoacylation for protein translation;nucleotide binding;aminoacyl-tRNA ligase activity","seryl-tRNA synthetase ",0,0,0,3.39758394029825,2.90334683498221,3.71061360238268,9.37066666666667,0,3.33718145922104,0,-3.33718145922104,2.23125099571042,"Downregulated"
"K01876",-2.64557088405968,0.000471169686985173,0,0,0,11.658,16.204,23.085,"LKDHAOIP_00446","Aspartate--tRNA ligase","aspartate--tRNA ligase","","","GO:0006418;GO:0003676;GO:0004812;GO:0005524;GO:0005737;GO:0000166;GO:0016874","tRNA aminoacylation for protein translation;nucleic acid binding;aminoacyl-tRNA ligase activity;ATP binding;cytoplasm;nucleotide binding;ligase activity","aspartyl-tRNA synthetase ",0,0,0,3.66197756774053,4.10467213128256,4.59006301881225,16.9823333333333,0,4.11890423927845,0,-4.11890423927845,3.32682265794621,"Downregulated"
"K01879",-3.73074332971643,3.29489291598023e-05,2.9566,0,0,23.316,23.766,30.78,"LKDHAOIP_00750","Glycine--tRNA ligase beta subunit","glycine--tRNA ligase subunit beta","","","GO:0006426;GO:0004820;GO:0005524;GO:0005737;GO:0000166","glycyl-tRNA aminoacylation;glycine-tRNA ligase activity;ATP binding;cytoplasm;nucleotide binding","glycyl-tRNA synthetase beta chain ",1.98426122068444,0,0,4.60383401878455,4.63028897008598,4.99004721957379,25.954,0.985533333333333,4.74139006948144,0.661420406894813,-4.07996966258663,4.48215869541128,"Downregulated"
"K01885",-1.8310805633348,0.00241186161449753,0,0,0,11.658,8.6421,14.291,"LKDHAOIP_01296","Glutamate--tRNA ligase","glutamate--tRNA ligase","","","GO:0006424;GO:0000049;GO:0004818;GO:0005524;GO:0008270;GO:0006418;GO:0043039;GO:0000166;GO:0004812","glutamyl-tRNA aminoacylation;tRNA binding;glutamate-tRNA ligase activity;ATP binding;zinc ion binding;tRNA aminoacylation for protein translation;tRNA aminoacylation;nucleotide binding;aminoacyl-tRNA ligase activity","glutamyl-tRNA synthetase ",0,0,0,3.66197756774053,3.26934739226849,3.93461085396445,11.5303666666667,0,3.62197860465782,0,-3.62197860465782,2.61764761435288,"Downregulated"
"K01887",-1.65282953166522,0.00423723228995058,0,0,0,12.718,8.6421,9.8937,"LKDHAOIP_00571","Arginine--tRNA ligase","arginine--tRNA ligase","","","GO:0006420;GO:0004814;GO:0005524;GO:0005737;GO:0006418;GO:0000166;GO:0004812","arginyl-tRNA aminoacylation;arginine-tRNA ligase activity;ATP binding;cytoplasm;tRNA aminoacylation for protein translation;nucleotide binding;aminoacyl-tRNA ligase activity","arginyl-tRNA synthetase ",0,0,0,3.77799825566867,3.26934739226849,3.44542213755914,10.4179333333333,0,3.4975892618321,0,-3.4975892618321,2.37291772682307,"Downregulated"
"K01895",-3.62854644203829,9.39044481054366e-05,2.9566,0,2.9282,23.316,24.846,29.681,"LKDHAOIP_00666","Acetyl-coenzyme A synthetase","acetate--CoA ligase","Acetyl-coenzyme A synthetase","acs","GO:0019427;GO:0003987;GO:0005524;GO:0016208;GO:0046872","acetyl-CoA biosynthetic process from acetate;acetate-CoA ligase activity;ATP binding;AMP binding;metal ion binding","acetyl-CoA synthetase ",1.98426122068444,0,1.97386838476023,4.60383401878455,4.69186911714163,4.93927360092017,25.9476666666667,1.9616,4.74499224561545,1.31937653514822,-3.42561571046723,4.02731383540277,"Downregulated"
"K01897",-1.41856733946407,0.00680889621087315,0,0,0,8.4786,8.6421,9.8937,"LKDHAOIP_01574","Long-chain-fatty-acid--CoA ligase FadD15","AMP-binding protein","","","","","long-chain acyl-CoA synthetase ",0,0,0,3.24467398716032,3.26934739226849,3.44542213755914,9.0048,0,3.31981450566265,0,-3.31981450566265,2.16692328579355,"Downregulated"
"K01921",-1.3606071136782,0.00790939044481054,0,0,0,7.4188,6.4816,12.092,"LKDHAOIP_01486","D-alanine--D-alanine ligase","D-alanine--D-alanine ligase","D-alanine--D-alanine ligase","ddl","GO:0008360;GO:0009252;GO:0071555;GO:0005524;GO:0008716;GO:0046872;GO:0005737","regulation of cell shape;peptidoglycan biosynthetic process;cell wall organization;ATP binding;D-alanine-D-alanine ligase activity;metal ion binding;cytoplasm","D-alanine-D-alanine ligase ",0,0,0,3.07361460889421,2.90334683498221,3.71061360238268,8.66413333333333,0,3.22919168208636,0,-3.22919168208636,2.10185698510609,"Downregulated"
"K01939",-2.59055874480906,0.000471169686985173,0,0,0,13.778,15.124,20.887,"LKDHAOIP_01348","Adenylosuccinate synthetase","adenylosuccinate synthase","","","GO:0006164;GO:0004019;GO:0005525;GO:0000166","purine nucleotide biosynthetic process;adenylosuccinate synthase activity;GTP binding;nucleotide binding","adenylosuccinate synthase ",0,0,0,3.88537912855803,4.01113778318899,4.45200231611571,16.5963333333333,0,4.11617307595424,0,-4.11617307595424,3.32682265794621,"Downregulated"
"K01940",-3.41911632753482,0.000311367380560132,0,0,0,23.316,23.766,20.887,"LKDHAOIP_00366","Argininosuccinate synthase","argininosuccinate synthase","","","GO:0006526;GO:0004055;GO:0005524","arginine biosynthetic process;argininosuccinate synthase activity;ATP binding","argininosuccinate synthase ",0,0,0,4.60383401878455,4.63028897008598,4.45200231611571,22.6563333333333,0,4.56204176832875,0,-4.56204176832875,3.50672688690201,"Downregulated"
"K01945",-1.35954074608816,0.00790939044481054,0,0,0,7.4188,7.5619,10.993,"LKDHAOIP_01692","Phosphoribosylamine--glycine ligase","phosphoribosylamine--glycine ligase","","","GO:0009113;GO:0004637;GO:0005524;GO:0046872","purine nucleobase biosynthetic process;phosphoribosylamine-glycine ligase activity;ATP binding;metal ion binding","phosphoribosylamine---glycine ligase ",0,0,0,3.07361460889421,3.09793098545931,3.58412068305994,8.6579,0,3.25188875913782,0,-3.25188875913782,2.10185698510609,"Downregulated"
"K01955",-1.71954991226635,0.00359143327841845,0,0,0,8.4786,9.7224,14.291,"LKDHAOIP_02064","Carbamoyl-phosphate synthase large chain","carbamoyl-phosphate synthase large subunit","","","GO:0006807;GO:0005524;GO:0046872","nitrogen compound metabolic process;ATP binding;metal ion binding","carbamoyl-phosphate synthase large subunit ",0,0,0,3.24467398716032,3.42255595595975,3.93461085396445,10.8306666666667,0,3.53394693236151,0,-3.53394693236151,2.44473219747065,"Downregulated"
"K01990",-1.59738725079202,0.00461779242174629,0,0,0,9.5384,10.803,9.8937,"LKDHAOIP_01264","Daunorubicin/doxorubicin resistance ATP-binding protein DrrA","ATP-binding cassette domain-containing protein","ATP-binding cassette domain-containing protein","","GO:0005524","ATP binding","ABC-2 type transport system ATP-binding protein",0,0,0,3.39758394029825,3.56108169473173,3.44542213755914,10.0783666666667,0,3.46802925752971,0,-3.46802925752971,2.33556559331497,"Downregulated"
"K02012",18.9025374275985,1e-06,276.94,231.92,293.8,18.017,20.525,15.39,"LKDHAOIP_02629","Iron deficiency-induced protein A","extracellular solute-binding protein","","","","","iron(III) transport system substrate-binding protein",8.11862966608686,7.8636907136601,8.20359271420771,4.24921776871517,4.42794133250948,4.03474394932473,17.9773333333333,267.553333333333,4.23730101684979,8.06197103131822,3.82467001446843,6,"Upregulated"
"K02094",-2.186962933897,0.00120428336079077,6.8988,0,0,15.897,17.284,17.589,"LKDHAOIP_01763","Phycobilisome 7.8 kDa linker polypeptide, allophycocyanin-associated, core","phycobilisome linker polypeptide","","","GO:0015979;GO:0030089","photosynthesis;phycobilisome","phycobilisome core linker protein",2.98163349309373,0,0,4.07869521894999,4.19250981894195,4.21637725708423,16.9233333333333,2.2996,4.16252743165872,0.993877831031242,-3.16864960062748,2.9192713141174,"Downregulated"
"K02095",-3.35463435624842,0.000326194398682043,9.8554,6.0396,11.713,40.273,36.729,30.78,"LKDHAOIP_00863","Allophycocyanin alpha-B chain","allophycocyanin","","","GO:0015979;GO:0030089","photosynthesis;phycobilisome","allophycocyanin-B",3.44034098227608,2.81549345522461,3.66823261102206,5.36712640184926,5.23760195718328,4.99004721957379,35.9273333333333,9.20266666666667,5.19825852620211,3.30802234950758,-1.89023617669453,3.48652350081373,"Downregulated"
"K02097",-2.58146109257805,0.000476112026359143,9.8554,0,0,19.077,23.766,21.986,"LKDHAOIP_00728","Phycobiliprotein beta chain","allophycocyanin subunit beta","","","GO:0015979;GO:0030089","photosynthesis;phycobilisome","phycobilisome core component",3.44034098227608,0,0,4.32747180598541,4.63028897008598,4.52268352648295,21.6096666666667,3.28513333333333,4.49348143418478,1.14678032742536,-3.34670110675942,3.32229084831871,"Downregulated"
"K02109",4.24710153489431,5.43657331135705e-05,65.046,78.514,60.516,23.316,27.007,23.085,"LKDHAOIP_01754;LKDHAOIP_01755","ATP synthase subunit b;ATP synthase subunit b'","F0F1 ATP synthase subunit B;MULTISPECIES: F0F1 ATP synthase subunit B'",";ATP synthase subunit b'  sector subunit b')",";atpG","GO:0015986;GO:0015078;GO:0045263;GO:1902600;GO:0046933;GO:0031676;GO:0016021","proton motive force-driven ATP synthesis;proton transmembrane transporter activity;proton-transporting ATP synthase complex, coupling factor F(o);proton transmembrane transport;proton-transporting ATP synthase activity, rotational mechanism;plasma membrane-derived thylakoid membrane;integral component of membrane","F-type H+-transporting ATPase subunit b",6.04539928384001,6.31313699242102,5.94288979181879,4.60383401878455,4.80771555074112,4.59006301881225,24.4693333333333,68.0253333333333,4.66720419611264,6.10047535602661,1.43327115991396,4.2646747511982,"Upregulated"
"K02286",-2.84609918024048,0.000418451400329489,25.624,27.782,21.474,55.111,49.692,53.865,"LKDHAOIP_01035","Phycoerythrin class 2 subunit gamma, linker polypeptide","phycobilisome rod-core linker polypeptide","","","GO:0015979;GO:0030089","photosynthesis;phycobilisome","phycocyanin-associated rod linker protein",4.734655433479,4.84709494026056,4.49018501809594,5.81021171937215,5.66368617996608,5.77781419987527,52.8893333333333,24.96,5.75057069973784,4.69064513061184,-1.059925569126,3.37835497445532,"Downregulated"
"K02338",-2.64092868226538,0.000471169686985173,0,0,0,14.838,15.124,20.887,"LKDHAOIP_00350","Beta sliding clamp","DNA polymerase III subunit beta","","","GO:0006260;GO:0003677;GO:0003887;GO:0008408;GO:0009360","DNA replication;DNA binding;DNA-directed DNA polymerase activity;3'-5' exonuclease activity;DNA polymerase III complex","DNA polymerase III subunit beta ",0,0,0,3.98531826033925,4.01113778318899,4.45200231611571,16.9496666666667,0,4.14948611988132,0,-4.14948611988132,3.32682265794621,"Downregulated"
"K02355",-3.70367000795444,3.29489291598023e-05,32.523,36.238,53.684,81.606,78.859,89.043,"LKDHAOIP_02298","Elongation factor G","elongation factor G","Elongation factor G","fusA","GO:0006414;GO:0003746;GO:0003924;GO:0005525;GO:0005737","translational elongation;translation elongation factor activity;GTPase activity;GTP binding;cytoplasm","elongation factor G",5.06707935763152,5.21870368476674,5.77304687128231,6.36817466897605,6.31938310144293,6.49254221934959,83.1693333333333,40.815,6.39336666325619,5.35294330456019,-1.040423358696,4.48215869541128,"Downregulated"
"K02434",-2.27789475922121,0.00099670510708402,9.8554,8.4554,10.737,30.735,23.766,26.383,"LKDHAOIP_00518","Aspartyl/glutamyl-tRNA(Asn/Gln) amidotransferase subunit B","Asp-tRNA(Asn)/Glu-tRNA(Gln) amidotransferase subunit GatB","","","GO:0016884;GO:0003824;GO:0016874","carbon-nitrogen ligase activity, with glutamine as amido-N-donor;catalytic activity;ligase activity","aspartyl-tRNA(Asn)/glutamyl-tRNA(Gln) amidotransferase subunit B ",3.44034098227608,3.24113849104758,3.55299179479964,4.98800293750806,4.63028897008598,4.7752086075178,26.9613333333333,9.6826,4.79783350503728,3.41149042270776,-1.38634308232951,3.00143331642279,"Downregulated"
"K02469",-5.13023778600197,3.29489291598023e-05,6.8988,4.8317,4.8803,46.6324,43.2103,48.3691,"LKDHAOIP_00346;LKDHAOIP_01938","DNA gyrase subunit A","DNA topoisomerase 4 subunit A;DNA gyrase subunit A","DNA topoisomerase;","","GO:0006265;GO:0003677;GO:0003918;GO:0005524;GO:0006259;GO:0003916;GO:0005694","DNA topological change;DNA binding;DNA topoisomerase type II (double strand cut, ATP-hydrolyzing) activity;ATP binding;DNA metabolic process;DNA topoisomerase activity;chromosome","DNA gyrase subunit A ",2.98163349309373,2.54391650504816,2.55588976007382,5.57387133686805,5.46631061897902,5.62553643983731,46.0706,5.53693333333333,5.55523946522813,2.69381325273857,-2.86142621248956,4.48215869541128,"Downregulated"
"K02470",-2.69195323716396,0.000461285008237232,0,0,0,14.838,16.204,20.887,"LKDHAOIP_00246","DNA gyrase subunit B","DNA topoisomerase (ATP-hydrolyzing) subunit B","","","GO:0006265;GO:0003677;GO:0003918;GO:0005524;GO:0005694","DNA topological change;DNA binding;DNA topoisomerase type II (double strand cut, ATP-hydrolyzing) activity;ATP binding;chromosome","DNA gyrase subunit B ",0,0,0,3.98531826033925,4.10467213128256,4.45200231611571,17.3096666666667,0,4.18066423591251,0,-4.18066423591251,3.33603065973304,"Downregulated"
"K02518",-1.82912585982136,0.00243163097199341,0,0,0,10.598,12.963,10.993,"LKDHAOIP_01898","Translation initiation factor IF-1","MULTISPECIES: translation initiation factor IF-1","Translation initiation factor IF-1","infA","GO:0006413;GO:0003723;GO:0003743","translational initiation;RNA binding;translation initiation factor activity","translation initiation factor IF-1",0,0,0,3.53580413827031,3.80353703787742,3.58412068305994,11.518,0,3.64115395306922,0,-3.64115395306922,2.61410233358823,"Downregulated"
"K02519",-4.02119554280289,3.29489291598023e-05,0,0,0,26.496,25.926,29.681,"LKDHAOIP_01644","Translation initiation factor IF-2","translation initiation factor IF-2","","","GO:0006413;GO:0003743;GO:0003924;GO:0005525","translational initiation;translation initiation factor activity;GTPase activity;GTP binding","translation initiation factor IF-2",0,0,0,4.78114985171021,4.75092802065037,4.93927360092017,27.3676666666667,0,4.82378382442692,0,-4.82378382442692,4.48215869541128,"Downregulated"
"K02520",-3.08519267184707,0.000354200988467875,9.8554,7.2475,7.8086,32.854,32.408,30.78,"LKDHAOIP_00248","Translation initiation factor IF-3","translation initiation factor IF-3","","","GO:0006413;GO:0003743","translational initiation;translation initiation factor activity","translation initiation factor IF-3",3.44034098227608,3.04395687279021,3.13891274178409,5.08125439956588,5.0621217119078,4.99004721957379,32.014,8.30383333333333,5.04447444368249,3.20773686561679,-1.8367375780657,3.45075023115965,"Downregulated"
"K02536",-1.53686417135097,0.00511202635914333,0,0,1.9521,10.598,8.6421,9.8937,"LKDHAOIP_02018","UDP-3-O-acylglucosamine N-acyltransferase","UDP-3-O-(3-hydroxymyristoyl)glucosamine N-acyltransferase","","","GO:0009245;GO:0016410","lipid A biosynthetic process;N-acyltransferase activity","UDP-3-O- glucosamine N-acyltransferase ",0,0,1.56174159235378,3.53580413827031,3.26934739226849,3.44542213755914,9.71126666666667,0.6507,3.41685788936598,0.520580530784594,-2.89627735858138,2.29140691549109,"Downregulated"
"K02637",3.64717259823468,0.000123558484349306,28.581,24.158,20.497,0,0,0,"LKDHAOIP_02132","Cytochrome b6-f complex subunit 4","MULTISPECIES: cytochrome b6-f complex subunit IV","Cytochrome b6-f complex subunit 4","petD","GO:0009767;GO:0045156;GO:0045158;GO:0031676;GO:0009055;GO:0016491;GO:0016020;GO:0042651;GO:0016021","photosynthetic electron transport chain;electron transporter, transferring electrons within the cyclic electron transport pathway of photosynthesis activity;electron transporter, transferring electrons within cytochrome b6/f complex of photosystem II activity;plasma membrane-derived thylakoid membrane;electron transfer activity;oxidoreductase activity;membrane;thylakoid membrane;integral component of membrane","cytochrome b6-f complex subunit 4",4.88659891915176,4.65294533090546,4.42606343437139,0,0,0,0,24.412,0,4.65520256147621,4.65520256147621,3.90812742768339,"Upregulated"
"K02639",3.48349768058535,0.000321252059308108,41.393,62.812,46.851,16.9576,20.525,16.489,"LKDHAOIP_00912;LKDHAOIP_01709","Ferredoxin-1;Ferredoxin","2Fe-2S iron-sulfur cluster-binding protein;MULTISPECIES: 2Fe-2S iron-sulfur cluster-binding protein",";Ferredoxin",";petF4","GO:0051536;GO:0022900;GO:0009055;GO:0046872;GO:0051537","iron-sulfur cluster binding;electron transport chain;electron transfer activity;metal ion binding;2 iron, 2 sulfur cluster binding","ferredoxin",5.40575415922747,5.99575584666081,5.5804771696502,4.16652264432811,4.42794133250948,4.12837589493676,17.9905333333333,50.352,4.24094662392478,5.66066239184616,1.41971576792138,3.49315407971269,"Upregulated"
"K02666",-2.58216704966556,0.000476112026359143,0,0,0,16.957,18.365,14.291,"LKDHAOIP_00543","Type II secretion system protein D","type IV pilus assembly protein PilQ","","","GO:0009306","protein secretion","type IV pilus assembly protein PilQ",0,0,0,4.16647444014237,4.27537959625362,3.93461085396445,16.5376666666667,0,4.12548829678681,0,-4.12548829678681,3.32229084831871,"Downregulated"
"K02693",-1.47705445392483,0.00599176276771005,0,0,0,8.4786,11.883,7.6951,"LKDHAOIP_02575","Photosystem I reaction center subunit IV","MULTISPECIES: photosystem I reaction center subunit IV","Photosystem I reaction center subunit IV","psaE","GO:0015979;GO:0009538;GO:0031676;GO:0009522","photosynthesis;photosystem I reaction center;plasma membrane-derived thylakoid membrane;photosystem I","photosystem I subunit IV",0,0,0,3.24467398716032,3.68739668066549,3.12020261967384,9.35223333333333,0,3.35075776249988,0,-3.35075776249988,2.22244539002055,"Downregulated"
"K02705",4.04001724362139,5.43657331135705e-05,90.67,101.47,81.99,44.513,45.371,41.773,"LKDHAOIP_01567","Photosystem II CP43 reaction center protein","photosystem II reaction center protein CP43","","","GO:0009772;GO:0016168;GO:0045156;GO:0009523;GO:0009767;GO:0015979;GO:0019684;GO:0009521;GO:0016020","photosynthetic electron transport in photosystem II;chlorophyll binding;electron transporter, transferring electrons within the cyclic electron transport pathway of photosynthesis activity;photosystem II;photosynthetic electron transport chain;photosynthesis;photosynthesis, light reaction;photosystem;membrane","photosystem II CP43 chlorophyll apoprotein",6.51837776837489,6.67905778549329,6.37486560219545,5.50820677990751,5.53515093394582,5.41862849296759,43.8856666666667,91.3766666666667,5.48732873560697,6.52410038535455,1.03677164974757,4.2646747511982,"Upregulated"
"K02720",-2.4270080789557,0.000540362438220758,0,0,0,16.957,14.043,15.39,"LKDHAOIP_01707","Cytochrome c-550","photosystem II cytochrome c-550","","","GO:0015979;GO:0022904;GO:0005506;GO:0009055;GO:0020037;GO:0009523;GO:0042651","photosynthesis;respiratory electron transport chain;iron ion binding;electron transfer activity;heme binding;photosystem II;thylakoid membrane","photosystem II cytochrome c550",0,0,0,4.16647444014237,3.9110204048233,4.03474394932473,15.4633333333333,0,4.03741293143013,0,-4.03741293143013,3.26731484736358,"Downregulated"
"K02838",3.26462992406608,0.000382207578253801,55.19,56.772,55.636,26.496,20.525,24.184,"LKDHAOIP_01367","Ribosome-recycling factor","ribosome recycling factor","","","GO:0006412","translation","ribosome recycling factor",5.81224149518948,5.8522985348681,5.82364747146746,4.78114985171021,4.42794133250948,4.6544355408454,23.735,55.866,4.6211755750217,5.82939583384168,1.20822025881998,3.41770070618425,"Upregulated"
"K02881",-2.32249701120853,0.000787479406919275,0,0,0,14.838,15.124,14.291,"LKDHAOIP_02258","50S ribosomal protein L18","MULTISPECIES: 50S ribosomal protein L18","","","GO:0006412;GO:0003735;GO:0005840","translation;structural constituent of ribosome;ribosome","large subunit ribosomal protein L18",0,0,0,3.98531826033925,4.01113778318899,3.93461085396445,14.751,0,3.97702229916423,0,-3.97702229916423,3.10376079446314,"Downregulated"
"K02890",-2.10497379084684,0.00134431630971993,0,0,0,12.718,17.284,9.8937,"LKDHAOIP_02248","50S ribosomal protein L22","50S ribosomal protein L22","","","GO:0006412;GO:0003735;GO:0015934;GO:0005840","translation;structural constituent of ribosome;large ribosomal subunit;ribosome","large subunit ribosomal protein L22",0,0,0,3.77799825566867,4.19250981894195,3.44542213755914,13.2985666666667,0,3.80531007072325,0,-3.80531007072325,2.8714985323214,"Downregulated"
"K02902",2.50540398043918,0.000479406919275061,24.638,28.99,25.378,8.4786,6.4816,8.7944,"LKDHAOIP_00917","50S ribosomal protein L28","50S ribosomal protein L28","","","GO:0006412;GO:0003735;GO:0005840","translation;structural constituent of ribosome;ribosome","large subunit ribosomal protein L28",4.68021181774018,4.90640961709402,4.72126327738943,3.24467398716032,2.90334683498221,3.29195711642981,7.9182,26.3353333333333,3.14665931285744,4.76929490407454,1.6226355912171,3.31929570208941,"Upregulated"
"K02935",4.45137266382256,5.43657331135705e-05,69.973,91.802,72.229,29.675,31.328,28.582,"LKDHAOIP_00536","50S ribosomal protein L7/L12","MULTISPECIES: 50S ribosomal protein L7/L12","","","GO:0006412;GO:0003735;GO:0005840","translation;structural constituent of ribosome;ribosome","large subunit ribosomal protein L7/L12",6.14919838465265,6.5360839924707,6.19434318971855,4.93899143877554,5.01471235152137,4.88664768933046,29.8616666666667,78.0013333333333,4.94678382654246,6.29320852228064,1.34642469573818,4.2646747511982,"Upregulated"
"K02965",1.79425296422229,0.00287314662273475,24.638,30.198,22.45,11.658,11.883,12.092,"LKDHAOIP_02247","30S ribosomal protein S19","MULTISPECIES: 30S ribosomal protein S19","30S ribosomal protein S19","rpsS","GO:0006412;GO:0003735;GO:0019843;GO:0005737;GO:0015935;GO:0003723;GO:0005840","translation;structural constituent of ribosome;rRNA binding;cytoplasm;small ribosomal subunit;RNA binding;ribosome","small subunit ribosomal protein S19",4.68021181774018,4.9633816405593,4.55151601762801,3.66197756774053,3.68739668066549,3.71061360238268,11.8776666666667,25.762,3.68666261692957,4.7317031586425,1.04504054171293,2.54164221047871,"Upregulated"
"K02994",-2.78577450852674,0.00042504118616145,0,0,0,19.077,18.365,16.489,"LKDHAOIP_02256","30S ribosomal protein S8","MULTISPECIES: 30S ribosomal protein S8","30S ribosomal protein S8","rpsH","GO:0006412;GO:0003735;GO:0005840;GO:0019843","translation;structural constituent of ribosome;ribosome;rRNA binding","small subunit ribosomal protein S8",0,0,0,4.32747180598541,4.27537959625362,4.12837589493676,17.977,0,4.24374243239193,0,-4.24374243239193,3.37156898511203,"Downregulated"
"K03043",-4.86038291691903,3.29489291598023e-05,47.306,55.564,47.827,108.1,103.71,119.82,"LKDHAOIP_01630","DNA-directed RNA polymerase subunit beta","DNA-directed RNA polymerase subunit beta","","","GO:0006351;GO:0003677;GO:0003899;GO:0032549","DNA-templated transcription;DNA binding;DNA-directed 5'-3' RNA polymerase activity;ribonucleoside binding","DNA-directed RNA polymerase subunit beta ",5.59413048959312,5.82181224077927,5.60960723436014,6.76950729143624,6.71025541868611,6.91671548146183,110.543333333333,50.2323333333333,6.7988260638614,5.67518332157751,-1.12364274228388,4.48215869541128,"Downregulated"
"K03046",-9.96551279133282,1e-06,38.436,37.445,33.1867,163.212,144.755,184.683,"LKDHAOIP_01628;LKDHAOIP_01629","DNA-directed RNA polymerase subunit beta'","DNA-directed RNA polymerase subunit beta';DNA-directed RNA polymerase subunit gamma","DNA-directed RNA polymerase subunit beta';","rpoC2;","GO:0006351;GO:0003677;GO:0003899;GO:0008270;GO:0000428","DNA-templated transcription;DNA binding;DNA-directed 5'-3' RNA polymerase activity;zinc ion binding;DNA-directed RNA polymerase complex;transcription, DNA-templated","DNA-directed RNA polymerase subunit beta' ",5.30144132122745,5.26472407423801,5.09536326280611,7.35941574751112,7.18740156446277,7.53669792675846,164.216666666667,36.3559,7.36117174624412,5.22050955275719,-2.14066219348693,6,"Downregulated"
"K03070",-7.16898690664294,1e-06,0,0,0,51.931,47.532,67.057,"LKDHAOIP_00254","Protein translocase subunit SecA","preprotein translocase subunit SecA","","","GO:0006605;GO:0017038;GO:0005524;GO:0016020;GO:0006886","protein targeting;protein import;ATP binding;membrane;intracellular protein transport","preprotein translocase subunit SecA ",0,0,0,5.72604100526319,5.60086440956659,6.08867165258885,55.5066666666667,0,5.80519235580621,0,-5.80519235580621,6,"Downregulated"
"K03110",-1.65619840234102,0.00422405271828666,0,0,0,8.4786,14.043,8.7944,"LKDHAOIP_00340","Signal recognition particle receptor FtsY","signal recognition particle-docking protein FtsY","","","GO:0006614;GO:0005525","SRP-dependent cotranslational protein targeting to membrane;GTP binding","fused signal recognition particle receptor",0,0,0,3.24467398716032,3.9110204048233,3.29195711642981,10.4386666666667,0,3.48255050280448,0,-3.48255050280448,2.37427067022848,"Downregulated"
"K03168",-3.65869652156915,9.39044481054366e-05,0,0,0,21.196,25.926,26.383,"LKDHAOIP_01250","DNA topoisomerase 1","type I DNA topoisomerase","DNA topoisomerase 1","topA","GO:0006265;GO:0003677;GO:0003917;GO:0046872;GO:0003916","DNA topological change;DNA binding;DNA topoisomerase type I (single strand cut, ATP-independent) activity;metal ion binding;DNA topoisomerase activity","DNA topoisomerase I ",0,0,0,4.47222780298904,4.75092802065037,4.7752086075178,24.5016666666667,0,4.6661214770524,0,-4.6661214770524,4.02731383540277,"Downregulated"
"K03217",1.46757493303366,0.00585502471169685,18.725,15.703,13.665,6.3589,6.4816,6.5958,"LKDHAOIP_01227","Membrane protein insertase YidC","membrane protein insertase YidC","","","GO:0032977;GO:0016020","membrane insertase activity;membrane","YidC/Oxa1 family membrane protein insertase",4.3019533951261,4.06203534108484,3.87430516598223,2.87949012998502,2.90334683498221,2.92520191933591,6.47876666666667,16.031,2.90267962810104,4.07943130073105,1.17675167263001,2.23247126760598,"Upregulated"
"K03386",6.59476991483244,1e-06,127.13,154.61,145.43,54.051,56.174,56.064,"LKDHAOIP_00845","Alkyl hydroperoxide reductase C","MULTISPECIES: redoxin domain-containing protein","","","GO:0051920;GO:0016209;GO:0016491","peroxiredoxin activity;antioxidant activity;oxidoreductase activity","peroxiredoxin 2/4 ",7.00146449358857,7.28179096530987,7.19406734734012,5.78269686543337,5.83728732233397,5.83450897356133,55.4296666666667,142.39,5.81816438710956,7.15910760207952,1.34094321496996,6,"Upregulated"
"K03405",-2.84206994377413,0.000418451400329489,5.9132,0,4.8803,21.196,20.525,27.482,"LKDHAOIP_01928","Magnesium-chelatase 38 kDa subunit","magnesium chelatase ATPase subunit I","","","GO:0015995;GO:0005524;GO:0016851","chlorophyll biosynthetic process;ATP binding;magnesium chelatase activity","magnesium chelatase subunit I ",2.78935366365094,0,2.55588976007382,4.47222780298904,4.42794133250948,4.8319785504885,23.0676666666667,3.59783333333333,4.57738256199568,1.78174780790825,-2.79563475408742,3.37835497445532,"Downregulated"
"K03465",-1.29536792694432,0.00895387149917628,0,0,0,7.4188,8.6421,8.7944,"LKDHAOIP_00037","Thymidylate synthase ThyX","FAD-dependent thymidylate synthase","","","GO:0006231;GO:0050660;GO:0050797","dTMP biosynthetic process;flavin adenine dinucleotide binding;thymidylate synthase (FAD) activity","thymidylate synthase (FAD) ",0,0,0,3.07361460889421,3.26934739226849,3.29195711642981,8.2851,0,3.21163970586417,0,-3.21163970586417,2.04798914265294,"Downregulated"
"K03526",-4.10967853537168,3.29489291598023e-05,0,0,0,28.615,24.846,30.78,"LKDHAOIP_00808","4-hydroxy-3-methylbut-2-en-1-yl diphosphate synthase (ferredoxin)","(E)-4-hydroxy-3-methylbut-2-enyl-diphosphate synthase","","","GO:0016114;GO:0005506;GO:0046429;GO:0008299;GO:0044237","terpenoid biosynthetic process;iron ion binding;4-hydroxy-3-methylbut-2-en-1-yl diphosphate synthase activity;isoprenoid biosynthetic process;cellular metabolic process","(E)-4-hydroxy-3-methylbut-2-enyl-diphosphate synthase ",0,0,0,4.88825618102027,4.69186911714163,4.99004721957379,28.0803333333333,0,4.85672417257857,0,-4.85672417257857,4.48215869541128,"Downregulated"
"K03530",4.00270116388251,5.43657331135705e-05,57.161,65.228,59.54,20.137,21.605,21.986,"LKDHAOIP_01658","DNA-binding protein HU 1","MULTISPECIES: HU family DNA-binding protein","DNA binding protein HU","hup","GO:0003677;GO:0030527","DNA binding;structural constituent of chromatin","DNA-binding protein HU-beta",5.86198016955474,6.04936938625077,5.91981677005279,4.40169872268396,4.49857001254426,4.52268352648295,21.2426666666667,60.643,4.47431742057039,5.94372210861943,1.46940468804904,4.2646747511982,"Upregulated"
"K03545",-5.5044777416946,1e-06,0,0,0,39.213,41.05,39.575,"LKDHAOIP_00284","Trigger factor","trigger factor","","","GO:0006457;GO:0015031;GO:0003755","protein folding;protein transport;peptidyl-prolyl cis-trans isomerase activity","trigger factor",0,0,0,5.32959006404417,5.39403389536778,5.34251918966061,39.946,0,5.35538104969085,0,-5.35538104969085,6,"Downregulated"
"K03609",-3.81600442108188,3.29489291598023e-05,13.798,12.079,19.521,47.692,49.692,51.667,"LKDHAOIP_02137","Septum site-determining protein MinD","MULTISPECIES: septum site-determining protein MinD","","","GO:0016887","ATP hydrolysis activity","septum site-determining protein MinD",3.8873302987782,3.70918033372087,4.35902913089513,5.6056128547021,5.66368617996608,5.71882737840832,49.6836666666667,15.1326666666667,5.66270880435884,3.9851799211314,-1.67752888322744,4.48215869541128,"Downregulated"
"K03621",-1.53686417135097,0.00511202635914333,0,0,0,10.598,8.6421,9.8937,"LKDHAOIP_00635","Phosphate acyltransferase","phosphate acyltransferase PlsX","","","GO:0006633;GO:0016747;GO:0003824","fatty acid biosynthetic process;acyltransferase activity, transferring groups other than amino-acyl groups;catalytic activity","phosphate acyltransferase ",0,0,0,3.53580413827031,3.26934739226849,3.44542213755914,9.71126666666667,0,3.41685788936598,0,-3.41685788936598,2.29140691549109,"Downregulated"
"K03684",-1.29419001114395,0.00898846787479407,0,0,0,8.4786,7.5619,8.7944,"LKDHAOIP_02205","Ribonuclease D","ribonuclease D","Ribonuclease D","","GO:0090305;GO:0003676;GO:0008408;GO:0006139","nucleic acid phosphodiester bond hydrolysis;nucleic acid binding;3'-5' exonuclease activity;nucleobase-containing compound metabolic process","ribonuclease D ",0,0,0,3.24467398716032,3.09793098545931,3.29195711642981,8.2783,0,3.21152069634981,0,-3.21152069634981,2.04631432942683,"Downregulated"
"K03687",-1.94095515421584,0.00163756177924217,0,0,0,11.658,14.043,10.993,"LKDHAOIP_00330","Protein GrpE","nucleotide exchange factor GrpE","Protein GrpE","grpE","GO:0006457;GO:0000774;GO:0042803;GO:0051087;GO:0005737","protein folding;adenyl-nucleotide exchange factor activity;protein homodimerization activity;chaperone binding;cytoplasm","molecular chaperone GrpE",0,0,0,3.66197756774053,3.9110204048233,3.58412068305994,12.2313333333333,0,3.71903955187459,0,-3.71903955187459,2.78580230667795,"Downregulated"
"K03692",-2.53596140120646,0.000482701812191104,0,0,1.9521,15.897,12.963,19.787,"LKDHAOIP_00919","Glucosylglycerol-phosphate synthase","glucosylglycerol-phosphate synthase","","","GO:0005992;GO:0051473;GO:0016758;GO:0003824","trehalose biosynthetic process;glucosylglycerol biosynthetic process;hexosyltransferase activity;catalytic activity","glucosylglycerol-phosphate synthase ",0,0,1.56174159235378,4.07869521894999,3.80353703787742,4.37760965695934,16.2156666666667,0.6507,4.08661397126225,0.520580530784594,-3.56603344047765,3.31632107072115,"Downregulated"
"K03695",-2.27208178228543,0.00099670510708402,13.798,18.119,15.617,38.153,32.4084,35.177,"LKDHAOIP_00530;LKDHAOIP_01146","Chaperone protein ClpB 1","AAA family ATPase;ATP-dependent chaperone ClpB","AAA family ATPase;","","GO:0005524;GO:0016887;GO:0005737;GO:0009408;GO:0042026","ATP binding;ATP hydrolysis activity;cytoplasm;response to heat;protein refolding","ATP-dependent Clp protease ATP-binding subunit ClpB",3.8873302987782,4.25693516147121,4.05458803922239,5.29105094951234,5.06213898545191,5.17700087143214,35.2461333333333,15.8446666666667,5.17673026879879,4.06628449982393,-1.11044576897486,3.00143331642279,"Downregulated"
"K03696",-3.44730235176328,0.000294892915980231,32.523,33.822,31.234,69.948,68.057,70.355,"LKDHAOIP_02354","Negative regulator of genetic competence ClpC/MecB","ATP-dependent Clp protease ATP-binding subunit","","","GO:0005515;GO:0005524;GO:0016887","protein binding;ATP binding;ATP hydrolysis activity","ATP-dependent Clp protease ATP-binding subunit ClpC",5.06707935763152,5.12192716138066,5.01051132213351,6.14869011066367,6.10971575634289,6.15694262090889,69.4533333333333,32.5263333333333,6.13844949597181,5.06650594704856,-1.07194354892325,3.53033566009536,"Downregulated"
"K03798",-3.81770712451277,3.29489291598023e-05,35.4794,20.5347,42.947,72.0684,78.86,72.5534,"LKDHAOIP_00008;LKDHAOIP_00843;LKDHAOIP_00937;LKDHAOIP_01564","ATP-dependent zinc metalloprotease FtsH 3;ATP-dependent zinc metalloprotease FtsH 2;ATP-dependent zinc metalloprotease FtsH 4","ATP-dependent zinc metalloprotease FtsH","","","GO:0006508;GO:0004176;GO:0004222;GO:0005524;GO:0008270;GO:0016887;GO:0016020","proteolysis;ATP-dependent peptidase activity;metalloendopeptidase activity;ATP binding;zinc ion binding;ATP hydrolysis activity;membrane","cell division protease FtsH ",5.18901009565802,4.42859132041619,5.45769277941769,6.19117571146346,6.31940116685832,6.2007201263711,74.4939333333333,32.9870333333333,6.23709900156429,5.02509806516397,-1.21200093640033,4.48215869541128,"Downregulated"
"K04035",-1.35276688558998,0.00795387149917628,0,0,0,10.598,7.5619,7.6951,"LKDHAOIP_00829","hypothetical protein","magnesium-protoporphyrin IX monomethyl ester (oxidative) cyclase","","","GO:0015979;GO:0015995;GO:0046872;GO:0048529;GO:0016491","photosynthesis;chlorophyll biosynthetic process;metal ion binding;magnesium-protoporphyrin IX monomethyl ester (oxidative) cyclase activity;oxidoreductase activity","magnesium-protoporphyrin IX monomethyl ester (oxidative) cyclase ",0,0,0,3.53580413827031,3.09793098545931,3.12020261967384,8.61833333333333,0,3.25131258113449,0,-3.25131258113449,2.09942142964995,"Downregulated"
"K04078",4.99828775326301,5.43657331135705e-05,77.858,93.01,95.655,32.854,33.488,31.88,"LKDHAOIP_01734","10 kDa chaperonin","MULTISPECIES: co-chaperone GroES","","","GO:0006457;GO:0005524;GO:0140662","protein folding;ATP binding;ATP-dependent protein folding chaperone","chaperonin GroES",6.30118521610318,6.55474232171032,6.59477246041879,5.08125439956588,5.10802256251641,5.03913839390696,32.7406666666667,88.841,5.07613845199641,6.48356666607743,1.40742821408101,4.2646747511982,"Upregulated"
"K04079",-2.16225327371844,0.00121581548599671,0,0,0,14.838,10.803,15.39,"LKDHAOIP_00916","Chaperone protein HtpG","molecular chaperone HtpG","","","GO:0006457;GO:0005524;GO:0016887;GO:0051082;GO:0140662","protein folding;ATP binding;ATP hydrolysis activity;unfolded protein binding;ATP-dependent protein folding chaperone","molecular chaperone HtpG",0,0,0,3.98531826033925,3.56108169473173,4.03474394932473,13.677,0,3.86038130146524,0,-3.86038130146524,2.91513232925221,"Downregulated"
"K04567",-1.59743645887916,0.00461779242174629,0,0,0,8.4786,12.963,8.7944,"LKDHAOIP_00220","Lysine--tRNA ligase","lysine--tRNA ligase","","","GO:0006430;GO:0003676;GO:0004824;GO:0005524;GO:0005737;GO:0006418;GO:0000166;GO:0004812","lysyl-tRNA aminoacylation;nucleic acid binding;lysine-tRNA ligase activity;ATP binding;cytoplasm;tRNA aminoacylation for protein translation;nucleotide binding;aminoacyl-tRNA ligase activity","lysyl-tRNA synthetase, class II ",0,0,0,3.24467398716032,3.80353703787742,3.29195711642981,10.0786666666667,0,3.44672271382251,0,-3.44672271382251,2.33556559331497,"Downregulated"
"K04755",-3.46791969335794,0.000294892915980231,0,0,0,23.316,22.686,23.085,"LKDHAOIP_01353","hypothetical protein","2Fe-2S iron-sulfur cluster-binding protein","","","GO:0140647;GO:0051537;GO:0051536","P450-containing electron transport chain;2 iron, 2 sulfur cluster binding;iron-sulfur cluster binding","ferredoxin, 2Fe-2S",0,0,0,4.60383401878455,4.56596267728106,4.59006301881225,23.029,0,4.58661990495929,0,-4.58661990495929,3.53033566009536,"Downregulated"
"K05380",8.69986181645794,1e-06,223.72,234.34,190.33,79.487,87.502,86.844,"LKDHAOIP_02168","Phycobilisome 32.3 kDa linker polypeptide, phycocyanin-associated, rod","phycobilisome rod-core linker polypeptide","Phycobilisome rod-core linker polypeptide","","GO:0015979;GO:0030089;GO:0031676","photosynthesis;phycobilisome;plasma membrane-derived thylakoid membrane","phycoerythrin-associated linker protein",7.81198471935167,7.87860274151905,7.57991929167565,6.33068387749255,6.46763815299236,6.45687184423018,84.611,216.13,6.41839795823837,7.75683558418212,1.33843762594376,6,"Upregulated"
"K05520",-1.76466870189739,0.003166392092257,0,0,0,13.778,12.963,6.5958,"LKDHAOIP_02540","Putative cysteine protease YraA","DJ-1/PfpI family protein","","","","","protease I ",0,0,0,3.88537912855803,3.80353703787742,2.92520191933591,11.1122666666667,0,3.53803936192379,0,-3.53803936192379,2.49943530774273,"Downregulated"
"K05579",-3.08576031883451,0.000354200988467875,0,0,0,19.077,21.605,19.787,"LKDHAOIP_00589","NAD(P)H-quinone oxidoreductase subunit H","NAD(P)H-quinone oxidoreductase subunit H","","","GO:0016651;GO:0048038;GO:0051287","oxidoreductase activity, acting on NAD(P)H;quinone binding;NAD binding","NAD(P)H-quinone oxidoreductase subunit H ",0,0,0,4.32747180598541,4.49857001254426,4.37760965695934,20.1563333333333,0,4.40121715849633,0,-4.40121715849633,3.45075023115965,"Downregulated"
"K05580",-2.26721998389441,0.00099835255354201,0,0,0,14.838,16.204,12.092,"LKDHAOIP_00609","NAD(P)H-quinone oxidoreductase subunit I","NAD(P)H-quinone oxidoreductase subunit I","NADH-quinone oxidoreductase subunit I  H dehydrogenase I subunit I)","ndhI","GO:0019684;GO:0022900;GO:0005506;GO:0008137;GO:0048038;GO:0051539;GO:0031676;GO:0016651;GO:0016020","photosynthesis, light reaction;electron transport chain;iron ion binding;NADH dehydrogenase (ubiquinone) activity;quinone binding;4 iron, 4 sulfur cluster binding;plasma membrane-derived thylakoid membrane;oxidoreductase activity, acting on NAD(P)H;membrane","NAD(P)H-quinone oxidoreductase subunit I ",0,0,0,3.98531826033925,4.10467213128256,3.71061360238268,14.378,0,3.93353466466816,0,-3.93353466466816,3.00071606690897,"Downregulated"
"K05592",-1.5983057349021,0.00461779242174629,0,0,0,10.598,7.5619,12.092,"LKDHAOIP_02374","ATP-dependent RNA helicase DeaD","DEAD/DEAH box helicase","","","GO:0000027;GO:0070417;GO:0003723;GO:0003724;GO:0005524;GO:0003676","ribosomal large subunit assembly;cellular response to cold;RNA binding;RNA helicase activity;ATP binding;nucleic acid binding","ATP-dependent RNA helicase DeaD ",0,0,0,3.53580413827031,3.09793098545931,3.71061360238268,10.0839666666667,0,3.44811624203743,0,-3.44811624203743,2.33556559331497,"Downregulated"
"K06118",-2.59677755996701,0.000471169686985173,9.8554,10.871,14.641,31.795,28.087,38.475,"LKDHAOIP_00298","UDP-glucose 4-epimerase","NAD-dependent epimerase/dehydratase family protein","","","","","UDP-sulfoquinovose synthase ",3.44034098227608,3.56936956603177,3.96726084851222,5.03540396994207,4.86230260107767,5.30286736097287,32.7856666666667,11.7891333333333,5.06685797733087,3.65899046560669,-1.40786751172418,3.32682265794621,"Downregulated"
"K06207",-2.74446700262759,0.000441515650741351,0,0,0,14.838,15.124,23.085,"LKDHAOIP_00755","GTP-binding protein TypA/BipA","translational GTPase TypA","","","GO:0003924;GO:0005525","GTPase activity;GTP binding","GTP-binding protein",0,0,0,3.98531826033925,4.01113778318899,4.59006301881225,17.6823333333333,0,4.1955063541135,0,-4.1955063541135,3.35505389704647,"Downregulated"
"K06889",-1.41264383252795,0.00689456342668863,0,0,3.9043,12.718,9.7224,7.6951,"LKDHAOIP_00356;LKDHAOIP_01919","hypothetical protein","alpha/beta fold hydrolase;alpha/beta hydrolase","","","GO:0016042;GO:0003847","lipid catabolic process;1-alkyl-2-acetylglycerophosphocholine esterase activity","uncharacterized protein",0,0,2.2940472325512,3.77799825566867,3.42255595595975,3.12020261967384,10.0451666666667,1.30143333333333,3.44025227710075,0.7646824108504,-2.67556986625035,2.16149322874598,"Downregulated"
"K07267",29.8051072457121,1e-06,698.746,680.05,693.006,102.8026,119.9143,95.6391,"LKDHAOIP_02580;LKDHAOIP_02626;LKDHAOIP_02632","putative protein","iron uptake porin;MAG: porin","","","GO:0008643;GO:0015288;GO:0016020","carbohydrate transport;porin activity;membrane","porin",9.45068752463235,9.41161690886971,9.43880432539213,6.69769876988795,6.91784106561979,6.59453511379308,106.118666666667,690.600666666667,6.73669164976694,9.4337029196314,2.69701126986446,6,"Upregulated"
"K08482",-5.79558904641407,1e-06,3.9422,0,3.9043,46.632,44.291,49.468,"LKDHAOIP_01694","Circadian clock protein kinase KaiC","circadian clock protein KaiC","","","GO:0006355;GO:0042752;GO:0000287;GO:0003677;GO:0004674;GO:0005524","regulation of DNA-templated transcription;regulation of circadian rhythm;magnesium ion binding;DNA binding;protein serine/threonine kinase activity;ATP binding","circadian clock protein KaiC",2.30515339455375,0,2.2940472325512,5.57385922157595,5.50115248852829,5.65729700999104,46.797,2.6155,5.57743624003176,1.53306687570165,-4.04436936433011,6,"Downregulated"
"K08903",2.31680665419389,0.000766062602965301,38.436,33.822,36.115,15.897,17.284,15.39,"LKDHAOIP_00720","Photosystem II reaction center Psb28 protein","photosystem II reaction center protein Psb28","Photosystem II reaction center Psb28 protein","psb28","GO:0015979;GO:0009654;GO:0031676;GO:0009523;GO:0016020","photosynthesis;photosystem II oxygen evolving complex;plasma membrane-derived thylakoid membrane;photosystem II;membrane","photosystem II 13kDa protein",5.30144132122745,5.12192716138066,5.21393046372921,4.07869521894999,4.19250981894195,4.03474394932473,16.1903333333333,36.1243333333333,4.10198299573889,5.21243298211244,1.11044998637355,3.11573573818536,"Upregulated"
"K09458",-1.76771744971487,0.00313509060955519,0,0,0,13.778,9.7224,9.8937,"LKDHAOIP_00180","3-oxoacyl-[acyl-carrier-protein] synthase 2","beta-ketoacyl-ACP synthase II","","","GO:0006633;GO:0004315;GO:0016746;GO:0016747","fatty acid biosynthetic process;3-oxoacyl-[acyl-carrier-protein] synthase activity;acyltransferase activity;acyltransferase activity, transferring groups other than amino-acyl groups","3-oxoacyl- synthase II ",0,0,0,3.88537912855803,3.42255595595975,3.44542213755914,11.1313666666667,0,3.58445240735897,0,-3.58445240735897,2.50374990278824,"Downregulated"
"K09667",-4.7251164904975,3.29489291598023e-05,0,0,0,27.5554,33.4885,38.4761,"LKDHAOIP_00258;LKDHAOIP_00259;LKDHAOIP_00294;LKDHAOIP_02594","Beta-barrel assembly-enhancing protease;hypothetical protein;SPBc2 prophage-derived glycosyltransferase SunS","tetratricopeptide repeat protein;glycosyltransferase",";Glycosyltransferase","","GO:0005515;GO:0015979;GO:0016740","protein binding;photosynthesis;transferase activity","protein O-GlcNAc transferase ",0,0,0,4.83569168869103,5.10804347826367,5.30290756217451,33.1733333333333,0,5.08221424304307,0,-5.08221424304307,4.48215869541128,"Downregulated"
"K09807",1.36978935007899,0.0074200988467874,14.783,12.079,11.713,4.2393,5.4013,4.3972,"LKDHAOIP_00090","hypothetical protein","SIMPL domain-containing protein","","","","","uncharacterized protein",3.98029955079386,3.70918033372087,3.66823261102206,2.38937407245187,2.67836492278422,2.43221114917122,4.67926666666667,12.8583333333333,2.4999833814691,3.78590416517893,1.28592078370982,2.12959030923197,"Upregulated"
"K10206",-2.5380605663154,0.000482701812191104,3.9422,0,0,18.017,17.284,17.589,"LKDHAOIP_02308","LL-diaminopimelate aminotransferase","LL-diaminopimelate aminotransferase","","","GO:0009058;GO:0008483;GO:0030170;GO:0003824","biosynthetic process;transaminase activity;pyridoxal phosphate binding;catalytic activity","LL-diaminopimelate aminotransferase ",2.30515339455375,0,0,4.24921776871517,4.19250981894195,4.21637725708423,17.63,1.31406666666667,4.21936828158045,0.768384464851251,-3.4509838167292,3.31632107072115,"Downregulated"
"K10697",-2.42904867895678,0.000540362438220758,0,0,0,14.838,16.204,15.39,"LKDHAOIP_00642","Alkaline phosphatase synthesis transcriptional regulatory protein PhoP","response regulator","","","GO:0000160;GO:0006355;GO:0003677","phosphorelay signal transduction system;regulation of DNA-templated transcription;DNA binding","two-component system, OmpR family, response regulator RpaA",0,0,0,3.98531826033925,4.10467213128256,4.03474394932473,15.4773333333333,0,4.04157811364885,0,-4.04157811364885,3.26731484736358,"Downregulated"
"K10960",-2.68714680164312,0.000461285008237232,0,0,0,19.077,12.963,19.787,"LKDHAOIP_00752","Kynurenine 3-monooxygenase","geranylgeranyl reductase","Geranylgeranyl diphosphate reductase","chlP","GO:0015937;GO:0015979;GO:0015995;GO:0016628;GO:0045550;GO:0071949","coenzyme A biosynthetic process;photosynthesis;chlorophyll biosynthetic process;oxidoreductase activity, acting on the CH-CH group of donors, NAD or NADP as acceptor;geranylgeranyl reductase activity;FAD binding","geranylgeranyl diphosphate/geranylgeranyl-bacteriochlorophyllide a reductase ",0,0,0,4.32747180598541,3.80353703787742,4.37760965695934,17.2756666666667,0,4.16953950027405,0,-4.16953950027405,3.33603065973304,"Downregulated"
"K11003",-2.51659122320449,0.000482701812191104,8.8698,4.8317,4.8803,23.316,23.766,24.184,"LKDHAOIP_00264","Type I secretion system membrane fusion protein PrsE","HlyD family efflux transporter periplasmic adaptor subunit","","","","","membrane fusion protein, hemolysin D",3.30302085044341,2.54391650504816,2.55588976007382,4.60383401878455,4.63028897008598,4.6544355408454,23.7553333333333,6.19393333333333,4.62951950990531,2.80094237185513,-1.82857713805018,3.31632107072115,"Downregulated"
"K11329",-2.79843420573089,0.00042504118616145,14.783,12.079,13.665,31.7945,41.0498,38.4755,"LKDHAOIP_00221;LKDHAOIP_00636","Response regulator MprA;Transcriptional regulatory protein WalR","MULTISPECIES: response regulator","","","GO:0000160;GO:0006355;GO:0003677","phosphorelay signal transduction system;regulation of DNA-templated transcription;DNA binding","two-component system, OmpR family, response regulator RpaB",3.98029955079386,3.70918033372087,3.87430516598223,5.03538197411894,5.3940270335439,5.30288563438521,37.1066,13.509,5.24409821401602,3.85459501683232,-1.3895031971837,3.37156898511203,"Downregulated"
"K11962",-1.41633865362937,0.00682372322899506,0,0,0,9.5384,8.6421,8.7944,"LKDHAOIP_00430","Methionine import ATP-binding protein MetN 2","urea ABC transporter ATP-binding protein UrtD","","","GO:0005524","ATP binding","urea transport system ATP-binding protein",0,0,0,3.39758394029825,3.26934739226849,3.29195711642981,8.99163333333333,0,3.31962948299885,0,-3.31962948299885,2.16597859651782,"Downregulated"
"K12573",-3.09176738685126,0.000354200988467875,0,0,0,19.077,14.043,27.482,"LKDHAOIP_00833","Ribonuclease R","RNB domain-containing ribonuclease","","","GO:0003723;GO:0004540;GO:0003676","RNA binding;ribonuclease activity;nucleic acid binding","ribonuclease R ",0,0,0,4.32747180598541,3.9110204048233,4.8319785504885,20.2006666666667,0,4.35682358709907,0,-4.35682358709907,3.45075023115965,"Downregulated"
"K12574",-3.28146965965892,0.000331136738056013,0,0,0,22.256,16.204,26.383,"LKDHAOIP_00281","Ribonuclease J 1","RNase J family beta-CASP ribonuclease","","","GO:0006396;GO:0090501;GO:0003723;GO:0004521;GO:0004534;GO:0008270;GO:0046872","RNA processing;RNA phosphodiester bond hydrolysis;RNA binding;endoribonuclease activity;5'-3' exoribonuclease activity;zinc ion binding;metal ion binding","ribonuclease J ",0,0,0,4.53953107147415,4.10467213128256,4.7752086075178,21.6143333333333,0,4.4731372700915,0,-4.4731372700915,3.47999263365477,"Downregulated"
"K14055",-3.83199045284939,3.29489291598023e-05,4.9277,0,4.8803,30.735,27.007,34.078,"LKDHAOIP_02145","hypothetical protein","universal stress protein","","","","","universal stress protein E",2.56747243491361,0,2.55588976007382,4.98800293750806,4.80771555074112,5.13249458861252,30.6066666666667,3.26933333333333,4.97607102562057,1.70778739832914,-3.26828362729142,4.48215869541128,"Downregulated"
"K16881",-1.94193984198305,0.00163756177924217,0,0,0,12.718,10.803,13.192,"LKDHAOIP_00617","UTP--glucose-1-phosphate uridylyltransferase","NDP-sugar synthase","","","GO:0006011;GO:0009058;GO:0003983;GO:0016779","UDP-glucose metabolic process;biosynthetic process;UTglucose-1-phosphate uridylyltransferase activity;nucleotidyltransferase activity","mannose-1-phosphate guanylyltransferase / phosphomannomutase ",0,0,0,3.77799825566867,3.56108169473173,3.82700600963898,12.2376666666667,0,3.72202865334646,0,-3.72202865334646,2.78580230667795,"Downregulated"
"K18855",-1.94401241000601,0.00163756177924217,0,0,0,10.5982,12.9632,13.1916,"LKDHAOIP_00077;LKDHAOIP_00193;LKDHAOIP_00195","scyllo-inositol 2-dehydrogenase (NAD(+));Inositol 2-dehydrogenase;putative oxidoreductase YdgJ","Gfo/Idh/MocA family oxidoreductase","Gfo/Idh/MocA family oxidoreductase;","","GO:0000166","nucleotide binding","UDP-N-acetylglucosamine 3-dehydrogenase ",0,0,0,3.5358290163976,3.80355770227201,3.82696534686072,12.251,0,3.72211735517678,0,-3.72211735517678,2.78580230667795,"Downregulated"
"K18886",-1.94193984198305,0.00163756177924217,0,0,0,12.718,10.803,13.192,"LKDHAOIP_00086","hypothetical protein","class I SAM-dependent methyltransferase","","","GO:0008168","methyltransferase activity","gibberellin A4 carboxyl methyltransferase ",0,0,0,3.77799825566867,3.56108169473173,3.82700600963898,12.2376666666667,0,3.72202865334646,0,-3.72202865334646,2.78580230667795,"Downregulated"
"K19220",17.4538674012514,1e-06,426.74,460.22,399.21,115.52,122.07,107.73,"LKDHAOIP_02625","putative protein","iron uptake porin","","","GO:0008643;GO:0015288;GO:0016020","carbohydrate transport;porin activity;membrane","peptidoglycan DL-endopeptidase CwlS ",8.74059031656645,8.84931126407232,8.64461340591934,6.86443379636562,6.94333531775511,6.76460624310965,115.106666666667,428.723333333333,6.85745845241013,8.7448383288527,1.88737987644258,6,"Upregulated"
"K19788",-1.60454148534396,0.00457825370675453,9.8554,10.871,9.7607,22.256,20.525,23.085,"LKDHAOIP_01916","Ribosome-binding ATPase YchF","redox-regulated ATPase YchF","","","GO:0005524;GO:0005525;GO:0016887","ATP binding;GTP binding;ATP hydrolysis activity","obg-like ATPase 1",3.44034098227608,3.56936956603177,3.42770002535444,4.53953107147415,4.42794133250948,4.59006301881225,21.9553333333333,10.1623666666667,4.51917847426529,3.47913685788743,-1.04004161637786,2.33930014429789,"Downregulated"
"K21919",-1.80538196012855,0.00284184514003295,3.9422,0,0,14.8375,11.8829,10.993,"LKDHAOIP_00706;LKDHAOIP_00774;LKDHAOIP_02165","Pentapeptide repeat protein Rfr32;Secreted effector protein PipB2","conserved hypothetical protein;pentapeptide repeat-containing protein","","","","","BTB/POZ domain-containing protein KCTD9",2.30515339455375,0,0,3.98527271425345,3.68738548218191,3.58412068305994,12.5711333333333,1.31406666666667,3.75225962649843,0.768384464851251,-2.98387516164718,2.54639959166596,"Downregulated"
"K22405",-2.21341449962861,0.0011169686985173,0,0,0,15.8973,12.9635,13.1916,"LKDHAOIP_00505;LKDHAOIP_00507","Putative diflavin flavoprotein A 5;Diflavin flavoprotein A 1","flavin reductase",";Flavin reductase","","GO:0009055;GO:0010181;GO:0016646","electron transfer activity;FMN binding;oxidoreductase activity, acting on the CH-NH group of donors, NAD or NADP as acceptor","NADH oxidase (H2O-forming) ",0,0,0,4.0787208332407,3.80358869830894,3.82696534686072,14.0174666666667,0,3.90309162613679,0,-3.90309162613679,2.95195899720819,"Downregulated"
"K24259",-1.5984096021917,0.00461779242174629,0,0,0,9.5384,9.7224,10.993,"LKDHAOIP_00202","hypothetical protein","N-acetyl sugar amidotransferase","","","","","putative aminotransferase",0,0,0,3.39758394029825,3.42255595595975,3.58412068305994,10.0846,0,3.46808685977265,0,-3.46808685977265,2.33556559331497,"Downregulated"
"LKDHAOIP_00006",1.85969567361576,0.00206260296540361,19.711,27.782,18.545,8.4786,7.5619,9.8937,"LKDHAOIP_00006","hypothetical protein","hypothetical protein","","","","","hypothetical protein",4.37232530852358,4.84709494026056,4.28872767951457,3.24467398716032,3.09793098545931,3.44542213755914,8.64473333333333,22.0126666666667,3.26267570339292,4.50271597609957,1.24004027270664,2.68558436220085,"Upregulated"
"LKDHAOIP_00112",1.87580784346716,0.00194563426688643,26.61,32.614,24.402,12.718,11.883,14.291,"LKDHAOIP_00112","Ycf48-like protein","photosynthesis system II assembly factor Ycf48","","","GO:0005515","protein binding","Ycf48-like protein",4.78711898281334,5.07099032562593,4.66687018544739,3.77799825566867,3.68739668066549,3.93461085396445,12.964,27.8753333333333,3.80000193009954,4.84165983129556,1.04165790119602,2.71093879346172,"Upregulated"
"LKDHAOIP_00219",-2.21549092373513,0.0011169686985173,0,0,0,13.778,15.124,13.192,"LKDHAOIP_00219","hypothetical protein","MULTISPECIES: hypothetical protein","","","","","hypothetical protein",0,0,0,3.88537912855803,4.01113778318899,3.82700600963898,14.0313333333333,0,3.90784097379533,0,-3.90784097379533,2.95195899720819,"Downregulated"
"LKDHAOIP_00261",-1.59633191308327,0.00461779242174629,0,0,0,9.5384,11.883,8.7944,"LKDHAOIP_00261","hypothetical protein","Hypothetical protein SynA1528_00095","","","","","hypothetical protein",0,0,0,3.39758394029825,3.68739668066549,3.29195711642981,10.0719333333333,0,3.45897924579785,0,-3.45897924579785,2.33556559331497,"Downregulated"
"LKDHAOIP_00574",-1.68713706205604,0.00385502471169687,12.812,0,16.593,24.376,23.766,20.887,"LKDHAOIP_00574","hypothetical protein","MBL fold metallo-hydrolase","","","","","hypothetical protein",3.7878503341913,0,4.13692961044789,4.66539277104189,4.63028897008598,4.45200231611571,23.0096666666667,9.80166666666667,4.58256135241452,2.64159331487973,-1.94096803753479,2.41397283366511,"Downregulated"
"LKDHAOIP_00700",2.00330820724282,0.00140856672158152,20.696,22.95,24.402,7.4188,8.6421,8.7944,"LKDHAOIP_00700","hypothetical protein","DUF805 domain-containing protein","Uncharacterized protein","","GO:0016020;GO:0016021","membrane;integral component of membrane","hypothetical protein",4.43935717847426,4.58195375084882,4.66687018544739,3.07361460889421,3.26934739226849,3.29195711642981,8.2851,22.6826666666667,3.21163970586417,4.56272703825682,1.35108733239265,2.85122257634709,"Upregulated"
"LKDHAOIP_00939",-1.29190847538811,0.00901976935749588,0,0,0,9.5384,7.5619,7.6951,"LKDHAOIP_00939","Protein Thf1","photosystem II biogenesis protein Psp29","","","GO:0010207;GO:0015979","photosystem II assembly;photosynthesis","Protein Thf1",0,0,0,3.39758394029825,3.09793098545931,3.12020261967384,8.26513333333333,0,3.20523918181047,0,-3.20523918181047,2.0448045675631,"Downregulated"
"LKDHAOIP_00983",-1.59521622368701,0.00461779242174629,0,0,0,10.598,10.803,8.7944,"LKDHAOIP_00983","hypothetical protein","MULTISPECIES: hypothetical protein","","","","","hypothetical protein",0,0,0,3.53580413827031,3.56108169473173,3.29195711642981,10.0651333333333,0,3.46294764981061,0,-3.46294764981061,2.33556559331497,"Downregulated"
"LKDHAOIP_01514",-4.10889495102557,3.29489291598023e-05,0,0,0,28.615,25.926,29.681,"LKDHAOIP_01514","hypothetical protein","IMS domain-containing protein","","","","","hypothetical protein",0,0,0,4.88825618102027,4.75092802065037,4.93927360092017,28.074,0,4.85948593419694,0,-4.85948593419694,4.48215869541128,"Downregulated"
"LKDHAOIP_01543",-2.20836780309302,0.00115156507413509,8.8698,0,9.7607,24.376,22.686,19.787,"LKDHAOIP_01543","hypothetical protein","DUF1254 domain-containing protein","","","","","hypothetical protein",3.30302085044341,0,3.42770002535444,4.66539277104189,4.56596267728106,4.37760965695934,22.283,6.21016666666667,4.53632170176076,2.24357362526595,-2.29274807649481,2.93871151532958,"Downregulated"
"LKDHAOIP_02012",-2.38012843555751,0.000629324546952224,0,0,0,14.838,10.803,19.787,"LKDHAOIP_02012","hypothetical protein","F420-0:Gamma-glutamyl ligase","","","","","hypothetical protein",0,0,0,3.98531826033925,3.56108169473173,4.37760965695934,15.1426666666667,0,3.97466987067677,0,-3.97466987067677,3.20112532816355,"Downregulated"
"LKDHAOIP_02088",-2.39389935307058,0.000591433278418451,16.754,13.287,15.617,39.213,35.649,31.88,"LKDHAOIP_02088","hypothetical protein","hypothetical protein","","","","","hypothetical protein",4.15007219725299,3.83663110442824,4.05458803922239,5.32959006404417,5.19570192858824,5.03913839390696,35.5806666666667,15.2193333333333,5.18814346217979,4.01376378030121,-1.17437968187858,3.22809424249694,"Downregulated"
"LKDHAOIP_02179",-2.26900442343662,0.00099835255354201,0,0,0,15.897,11.883,15.39,"LKDHAOIP_02179","hypothetical protein","hypothetical protein","","","","","hypothetical protein",0,0,0,4.07869521894999,3.68739668066549,4.03474394932473,14.39,0,3.93361194964674,0,-3.93361194964674,3.00071606690897,"Downregulated"
"LKDHAOIP_02230",2.02988347200754,0.00139868204283355,31.537,36.238,28.306,15.897,14.043,15.39,"LKDHAOIP_02230","hypothetical protein","CAAD domain-containing protein","","","","","hypothetical protein",5.02400933161854,5.21870368476674,4.87312416172154,4.07869521894999,3.9110204048233,4.03474394932473,15.11,32.027,4.00815319103267,5.03861239270227,1.0304592016696,2.85428100083132,"Upregulated"
"LKDHAOIP_02385",2.5552346406846,0.000474464579901079,48.291,47.109,47.827,25.436,23.766,20.887,"LKDHAOIP_02385","hypothetical protein","hypothetical protein","","","GO:0005515","protein binding","hypothetical protein",5.62325234512772,5.58823490657034,5.60960723436014,4.72443199575995,4.63028897008598,4.45200231611571,23.363,47.7423333333333,4.60224109398721,5.60703149535273,1.00479040136552,3.32379620331609,"Upregulated"
